Date,Open,High,Low,Close,Volume,Adj Close
2014-02-26,20.00,20.70,20.00,20.30,33400,19.95
2014-02-25,20.10,20.40,20.00,20.10,18600,19.75
2014-02-24,20.00,22.00,19.90,20.10,64700,19.75
2014-02-21,19.70,20.00,19.40,20.00,39800,19.65
2014-02-20,19.50,19.70,19.00,19.60,33000,19.26
2014-02-19,19.90,20.00,19.50,20.00,46100,19.65
2014-02-18,20.10,20.30,19.70,19.80,69300,19.46
2014-02-17,20.80,20.80,20.20,20.30,89400,19.95
2014-02-14,20.80,20.80,20.20,20.60,43700,20.24
2014-02-13,21.90,22.00,20.00,20.60,351800,20.24
2014-02-12,20.00,20.40,19.70,20.00,75800,19.65
2014-02-11,19.50,20.00,19.00,19.90,129500,19.55
2014-02-10,19.00,19.70,19.00,19.50,159600,19.16
2014-02-07,18.70,19.00,18.50,18.80,116700,18.47
2014-02-06,18.70,18.70,18.40,18.60,35400,18.28
2014-02-05,18.60,18.80,18.40,18.50,25500,18.18
2014-02-04,18.30,18.60,18.20,18.60,36000,18.28
2014-02-03,19.00,19.10,18.60,18.80,33700,18.47
2014-01-31,18.40,19.50,18.20,19.20,98500,18.87
2014-01-30,18.30,18.80,18.30,18.60,20400,18.28
2014-01-29,18.40,19.20,18.40,18.70,67400,18.37
2014-01-28,18.60,18.90,18.30,18.50,22000,18.18
2014-01-27,18.20,19.00,18.00,18.70,87400,18.37
2014-01-24,19.10,19.10,18.50,18.70,32600,18.37
2014-01-23,19.40,19.40,18.80,19.10,35600,18.77
2014-01-22,18.70,19.40,18.70,19.20,73100,18.87
2014-01-21,19.10,19.10,18.50,18.80,123700,18.47
2014-01-20,19.50,19.50,19.10,19.10,56300,18.77
2014-01-17,19.40,19.60,19.10,19.30,55200,18.96
2014-01-16,19.80,19.90,19.00,19.40,101700,19.06
2014-01-15,20.00,20.70,19.70,19.90,232700,19.55
2014-01-14,18.50,18.60,18.20,18.50,73000,18.18
2014-01-13,18.40,18.90,18.00,18.60,214800,18.28
2014-01-10,18.10,18.40,17.80,18.20,84400,17.88
2014-01-09,18.10,18.80,17.80,17.80,170600,17.49
2014-01-08,17.90,18.50,17.70,18.00,97500,17.69
2014-01-07,17.30,17.90,17.00,17.90,144400,17.59
2014-01-06,16.80,16.80,16.80,16.80,000,16.51
2014-01-03,16.30,17.10,16.20,16.80,103900,16.51
2014-01-02,15.60,16.40,15.60,16.30,73700,16.02
2014-01-01,15.40,15.40,15.40,15.40,000,15.13
2013-12-31,15.40,15.40,15.40,15.40,000,15.13
2013-12-30,15.40,15.60,15.30,15.40,25300,15.13
2013-12-27,15.70,15.70,15.20,15.60,17400,15.33
2013-12-26,15.60,15.60,15.60,15.60,000,15.33
2013-12-25,15.60,15.60,15.60,15.60,000,15.33
2013-12-24,15.60,15.60,15.60,15.60,000,15.33
2013-12-23,15.60,15.80,15.50,15.60,30400,15.33
2013-12-20,15.70,15.70,15.20,15.50,13300,15.23
2013-12-19,15.40,15.60,15.20,15.50,34100,15.23
2013-12-18,15.30,15.40,15.10,15.40,62900,15.13
2013-12-17,15.00,15.30,14.85,15.30,25700,15.03
2013-12-16,15.30,15.30,15.00,15.00,18000,14.74
2013-12-13,14.80,15.20,14.80,15.20,14700,14.94
2013-12-12,15.30,15.50,14.85,14.85,43700,14.59
2013-12-11,15.20,15.70,15.10,15.20,78800,14.94
2013-12-10,15.40,15.50,15.00,15.20,18800,14.94
2013-12-09,15.10,15.40,15.10,15.10,40000,14.84
2013-12-06,14.80,15.00,14.75,14.80,33100,14.54
2013-12-05,14.40,15.00,14.40,14.85,56000,14.59
2013-12-04,14.75,14.75,14.40,14.60,25000,14.35
2013-12-03,15.00,15.00,14.40,14.75,62600,14.49
2013-12-02,15.20,15.30,14.95,15.00,27400,14.74
2013-11-29,15.30,15.50,15.10,15.20,33000,14.94
2013-11-28,15.50,15.50,15.00,15.30,45500,15.03
2013-11-27,15.60,15.70,15.20,15.50,29100,15.23
2013-11-26,15.80,15.80,15.20,15.60,44300,15.33
2013-11-25,14.95,16.20,14.80,15.90,798600,15.62
2013-11-22,14.10,15.00,14.10,14.80,180600,14.54
2013-11-21,14.25,14.35,14.05,14.20,101100,13.95
2013-11-20,14.40,14.50,14.25,14.25,105400,14.00
2013-11-19,14.55,14.60,14.45,14.60,10900,14.35
2013-11-18,14.50,14.65,14.50,14.60,12900,14.35
2013-11-15,14.75,14.75,14.50,14.55,17100,14.30
2013-11-14,14.65,14.70,14.50,14.70,9700,14.44
2013-11-13,14.50,14.70,14.50,14.50,25100,14.25
2013-11-12,14.85,14.85,14.40,14.70,37400,14.44
2013-11-11,15.00,15.00,14.65,14.80,39000,14.54
2013-11-08,15.00,15.00,14.70,14.75,25400,14.49
2013-11-07,15.30,15.30,15.00,15.00,26100,14.74
2013-11-06,15.10,15.20,14.95,15.20,29000,14.94
2013-11-05,14.75,15.40,14.75,15.10,86400,14.84
2013-11-04,14.60,14.90,14.60,14.85,29600,14.59
2013-11-01,14.60,14.75,14.60,14.75,29800,14.49
2013-10-31,14.85,14.85,14.65,14.80,37000,14.54
2013-10-30,14.90,15.00,14.85,15.00,27800,14.74
2013-10-29,15.00,15.20,14.95,15.00,46900,14.74
2013-10-28,15.20,15.30,14.95,15.00,57700,14.74
2013-10-25,15.60,15.70,14.95,15.20,79200,14.94
2013-10-24,14.45,15.30,14.45,15.20,361300,14.94
2013-10-23,13.10,13.25,13.00,13.20,60900,12.97
2013-10-22,13.25,13.25,12.80,12.90,44600,12.68
2013-10-21,13.00,13.25,12.90,13.25,21200,13.02
2013-10-18,13.00,13.00,12.70,12.70,21700,12.48
2013-10-17,12.95,12.95,12.70,12.95,27100,12.72
2013-10-16,12.50,12.75,12.30,12.75,29300,12.53
2013-10-15,12.25,12.35,12.15,12.20,76000,11.99
2013-10-14,12.60,12.60,12.15,12.20,96600,11.99
2013-10-11,12.60,12.65,12.35,12.55,17700,12.33
2013-10-10,12.50,12.85,12.35,12.50,189200,12.28
2013-10-09,12.40,12.50,12.35,12.40,92300,12.18
2013-10-08,12.40,12.55,12.30,12.35,52500,12.13
2013-10-07,12.60,12.65,12.40,12.40,14200,12.18
2013-10-04,12.65,12.70,12.55,12.60,26000,12.38
2013-10-03,12.75,12.75,12.60,12.65,24200,12.43
2013-10-02,12.70,12.80,12.65,12.75,35200,12.53
2013-10-01,12.75,12.85,12.65,12.85,31500,12.63
2013-09-30,12.85,13.00,12.75,12.90,14300,12.68
2013-09-27,13.10,13.35,12.75,12.85,71900,12.63
2013-09-26,13.20,13.20,12.80,13.00,7600,12.77
2013-09-25,13.30,13.30,12.80,12.90,284700,12.68
2013-09-24,13.00,13.15,12.80,12.85,41500,12.63
2013-09-23,12.90,13.30,12.85,13.00,112600,12.77
2013-09-20,13.10,13.10,12.95,13.05,139900,12.82
2013-09-19,13.25,13.25,12.50,12.85,325300,12.63
2013-09-18,13.05,13.25,12.85,13.25,45500,13.02
2013-09-17,13.45,13.45,12.75,13.10,145500,12.87
2013-09-16,13.50,13.50,13.25,13.30,57700,13.07
2013-09-13,13.35,13.50,13.25,13.50,17100,13.26
2013-09-12,13.65,13.80,13.30,13.35,56700,13.12
2013-09-11,13.10,13.70,13.10,13.45,28300,13.22
2013-09-10,13.65,13.65,13.25,13.35,54400,13.12
2013-09-09,13.65,13.65,13.35,13.35,26800,13.12
2013-09-06,13.60,13.60,13.40,13.40,3100,13.17
2013-09-05,13.50,13.70,13.50,13.50,8600,13.26
2013-09-04,13.65,13.65,13.25,13.40,16800,13.17
2013-09-03,13.50,13.70,13.35,13.65,11200,13.41
2013-09-02,13.60,13.80,13.40,13.50,18800,13.26
2013-08-30,13.65,13.80,13.55,13.60,6800,13.36
2013-08-29,13.25,13.30,13.25,13.30,1200,13.07
2013-08-28,13.40,13.45,13.35,13.35,8000,13.12
2013-08-27,13.65,13.65,13.35,13.50,29100,13.26
2013-08-26,13.95,14.35,13.55,13.70,109700,13.46
2013-08-23,13.90,13.90,13.90,13.90,200,13.66
2013-08-22,13.90,13.90,13.90,13.90,1100,13.66
2013-08-21,13.80,13.80,13.80,13.80,2000,13.56
2013-08-20,13.55,13.95,13.55,13.95,5700,13.71
2013-08-19,13.55,13.55,13.50,13.55,5500,13.31
2013-08-16,13.60,13.60,13.60,13.60,2000,13.36
2013-08-15,13.70,13.85,13.70,13.70,10000,13.46
2013-08-14,13.90,13.90,13.60,13.60,7500,13.36
2013-08-13,13.65,13.75,13.55,13.55,16900,13.31
2013-08-12,13.80,13.80,13.60,13.70,6900,13.46
2013-08-09,14.25,14.25,13.90,14.00,10600,13.76
2013-08-08,14.45,14.50,14.40,14.50,900,14.25
2013-08-07,14.40,14.40,14.40,14.40,800,14.15
2013-08-06,14.55,14.55,14.45,14.45,400,14.20
2013-08-05,14.55,14.75,14.55,14.75,4000,14.49
2013-08-02,14.50,14.50,14.10,14.45,8000,14.20
2013-08-01,14.50,14.95,14.50,14.95,3000,14.69
2013-07-31,14.70,14.70,14.70,14.70,10000,14.44
2013-07-30,14.70,14.85,14.70,14.85,5800,14.59
2013-07-29,14.80,15.00,14.70,14.70,11000,14.44
2013-07-26,14.30,14.60,14.30,14.60,11400,14.35
2013-07-25,13.50,14.15,13.45,14.10,28900,13.85
2013-07-24,13.50,13.60,13.40,13.60,6900,13.36
2013-07-23,13.20,13.50,13.20,13.40,20500,13.17
2013-07-22,13.50,13.50,13.50,13.50,2000,13.26
2013-07-19,13.10,13.10,13.00,13.10,2800,12.87
2013-07-18,13.50,13.50,13.00,13.30,31900,13.07
2013-07-17,13.00,13.35,13.00,13.20,28600,12.97
2013-07-16,13.50,13.70,13.45,13.70,9900,13.46
2013-07-15,13.50,13.50,13.35,13.35,2300,13.12
2013-07-12,13.50,13.65,13.50,13.65,1000,13.41
2013-07-11,12.90,13.55,12.90,13.55,8500,13.31
2013-07-10,12.85,12.90,12.85,12.90,2400,12.68
2013-07-09,12.70,12.70,12.50,12.70,3700,12.48
2013-07-08,12.40,12.50,12.30,12.40,4000,12.18
2013-07-05,12.35,12.60,12.35,12.60,4900,12.38
2013-07-04,12.50,12.50,12.50,12.50,000,12.28
2013-07-03,12.30,12.50,12.30,12.50,3800,12.28
2013-07-02,12.50,12.50,12.50,12.50,000,12.28
2013-07-01,12.45,12.50,12.30,12.50,6000,12.28
2013-06-28,12.55,12.55,12.55,12.55,1000,12.33
2013-06-27,12.25,12.65,12.20,12.20,6400,11.99
2013-06-26,12.60,12.60,12.15,12.15,11200,11.94
2013-06-25,12.90,12.90,12.65,12.65,1900,12.43
2013-06-24,12.80,12.80,12.80,12.80,000,12.58
2013-06-21,12.80,12.80,12.80,12.80,000,12.58
2013-06-20,12.60,12.80,12.60,12.80,18700,12.58
2013-06-19,12.60,12.80,12.60,12.60,1900,12.38
2013-06-18,12.60,12.60,12.60,12.60,600,12.38
2013-06-17,12.75,13.10,12.50,12.75,17500,12.53
2013-06-14,12.60,12.90,12.50,12.90,4200,12.68
2013-06-13,12.85,12.85,12.85,12.85,400,12.63
2013-06-12,13.10,13.10,13.10,13.10,1000,12.87
2013-06-11,13.00,13.10,12.85,13.10,12800,12.87
2013-06-10,13.05,13.05,12.85,12.85,2900,12.63
2013-06-07,13.15,13.30,12.75,12.80,23300,12.58
2013-06-06,13.30,13.30,13.30,13.30,000,13.07
2013-06-05,13.40,13.40,13.30,13.30,800,13.07
2013-06-04,13.15,13.15,13.15,13.15,000,12.92
2013-06-03,12.90,13.15,12.90,13.15,2700,12.92
2013-05-31,13.10,13.10,13.10,13.10,000,12.87
2013-05-30,13.10,13.35,13.10,13.10,10100,12.87
2013-05-29,13.25,13.40,13.25,13.25,8400,13.02
2013-05-28,13.25,13.25,13.00,13.00,2400,12.77
2013-05-27,13.10,13.10,13.00,13.00,1000,12.77
2013-05-24,13.00,13.00,13.00,13.00,000,12.77
2013-05-23,13.15,13.15,12.90,13.00,2600,12.77
2013-05-22,13.10,13.15,13.10,13.15,1900,12.92
2013-05-21,12.80,13.00,12.80,13.00,6600,12.77
2013-05-20,13.05,13.10,12.80,13.05,6000,12.82
2013-05-17,13.05,13.15,13.05,13.15,2300,12.92
2013-05-16,13.00,13.00,13.00,13.00,2300,12.77
2013-05-15,13.20,13.20,12.95,13.00,13100,12.77
2013-05-14,13.25,13.25,13.20,13.20,6000,12.97
2013-05-13,13.40,13.50,13.30,13.30,7200,13.07
2013-05-10,13.00,13.60,12.80,13.00,16900,12.77
2013-05-09,13.10,13.10,13.10,13.10,000,12.87
2013-05-08,13.00,13.10,13.00,13.10,8200,12.87
2013-05-07,13.30,14.00,12.60,13.30,66500,13.07
2013-05-06,13.40,13.50,13.30,13.30,8800,13.07
2013-05-03,13.35,13.60,13.35,13.40,2900,13.17
2013-05-02,13.50,13.50,13.00,13.35,7500,13.12
2013-05-01,13.50,13.50,13.50,13.50,000,13.26
2013-04-30,13.50,13.50,13.50,13.50,000,13.26
2013-04-29,13.00,13.50,13.00,13.50,7600,13.26
2013-04-26,13.30,13.80,12.80,13.40,23100,13.17
2013-04-25,13.20,13.20,12.75,13.00,17300,12.77
2013-04-24,14.35,14.35,13.40,13.40,20500,12.89
2013-04-23,14.00,14.60,14.00,14.60,2600,14.05
2013-04-22,14.05,14.10,14.00,14.10,6200,13.56
2013-04-19,14.20,14.60,14.20,14.35,14200,13.81
2013-04-18,14.10,14.35,14.05,14.05,3000,13.52
2013-04-17,14.45,14.45,14.20,14.30,4100,13.76
2013-04-16,14.45,14.50,14.45,14.45,1700,13.90
2013-04-15,14.05,14.05,14.05,14.05,4000,13.52
2013-04-12,14.20,14.20,14.00,14.00,15200,13.47
2013-04-11,14.40,14.40,13.60,14.00,14700,13.47
2013-04-10,14.50,14.60,14.50,14.60,3100,14.05
2013-04-09,14.40,14.60,14.40,14.60,3500,14.05
2013-04-08,14.10,14.55,14.10,14.30,2700,13.76
2013-04-05,14.30,14.30,14.10,14.10,7300,13.56
2013-04-04,14.45,14.45,14.25,14.30,3100,13.76
2013-04-03,14.40,14.60,14.40,14.60,2800,14.05
2013-04-02,14.80,14.80,14.60,14.60,5000,14.05
2013-04-01,14.50,14.50,14.50,14.50,000,13.95
2013-03-29,14.50,14.50,14.50,14.50,000,13.95
2013-03-28,14.50,14.50,14.50,14.50,000,13.95
2013-03-27,14.40,14.50,14.40,14.50,4900,13.95
2013-03-26,14.50,14.70,14.50,14.70,600,14.14
2013-03-25,14.20,14.50,14.20,14.50,8100,13.95
2013-03-22,14.00,14.10,13.90,14.10,12000,13.56
2013-03-21,14.00,14.15,13.90,13.90,16900,13.37
2013-03-20,14.10,14.10,14.00,14.00,4400,13.47
2013-03-19,14.50,14.60,14.00,14.10,25300,13.56
2013-03-18,14.65,14.65,14.50,14.50,6800,13.95
2013-03-15,14.70,14.80,14.65,14.65,21200,14.09
2013-03-14,14.60,14.80,14.60,14.65,39200,14.09
2013-03-13,14.75,14.80,14.75,14.75,5600,14.19
2013-03-12,14.85,14.85,14.80,14.85,12800,14.29
2013-03-11,14.65,14.90,14.55,14.85,19300,14.29
2013-03-08,14.75,14.80,14.70,14.80,8200,14.24
2013-03-07,15.00,15.00,14.75,15.00,6700,14.43
2013-03-06,15.00,15.00,15.00,15.00,1200,14.43
2013-03-05,14.80,15.00,14.80,15.00,6800,14.43
2013-03-04,15.50,15.50,14.70,14.70,13800,14.14
2013-03-01,15.30,15.40,15.10,15.30,13100,14.72
2013-02-28,14.80,15.30,14.35,15.30,56700,14.72
2013-02-27,15.00,15.00,14.80,14.80,8100,14.24
2013-02-26,14.95,15.00,14.80,15.00,14100,14.43
2013-02-25,15.70,15.70,14.80,14.90,148700,14.33
2013-02-22,15.10,15.30,15.00,15.10,7100,14.53
2013-02-21,15.20,15.20,15.00,15.10,3000,14.53
2013-02-20,15.20,15.30,15.10,15.20,13000,14.62
2013-02-19,15.60,15.70,15.20,15.50,21300,14.91
2013-02-18,15.80,15.90,15.70,15.90,9200,15.30
2013-02-15,15.50,15.60,14.35,15.40,44800,14.82
2013-02-14,16.40,16.40,15.60,15.60,62000,15.01
2013-02-13,17.30,17.30,17.00,17.00,32000,16.35
2013-02-12,17.10,17.20,16.90,16.90,17400,16.26
2013-02-11,16.90,17.20,16.90,17.10,22900,16.45
2013-02-08,17.00,17.10,17.00,17.00,46000,16.35
2013-02-07,17.00,17.00,17.00,17.00,102800,16.35
2013-02-06,17.00,17.00,17.00,17.00,7200,16.35
2013-02-05,16.90,16.90,16.70,16.70,3700,16.07
2013-02-04,16.70,17.00,16.70,17.00,20400,16.35
2013-02-01,16.10,16.70,16.00,16.70,62500,16.07
2013-01-31,16.30,16.30,16.00,16.00,8500,15.39
2013-01-30,16.60,16.70,16.10,16.10,10800,15.49
2013-01-29,16.10,16.50,16.10,16.50,10600,15.87
2013-01-28,16.60,16.70,16.50,16.50,900,15.87
2013-01-25,16.10,16.70,16.10,16.70,15600,16.07
2013-01-24,16.50,16.50,16.00,16.40,9100,15.78
2013-01-23,16.40,16.90,16.10,16.60,10200,15.97
2013-01-22,16.30,16.60,16.20,16.20,8400,15.59
2013-01-21,16.30,16.50,16.20,16.30,4700,15.68
2013-01-18,16.40,16.40,16.40,16.40,7900,15.78
2013-01-17,15.90,16.50,15.90,16.50,15800,15.87
2013-01-16,16.50,16.50,16.30,16.40,2600,15.78
2013-01-15,16.50,16.60,16.00,16.00,10500,15.39
2013-01-14,16.70,16.70,16.40,16.40,14900,15.78
2013-01-11,16.50,16.70,16.50,16.70,12500,16.07
2013-01-10,16.20,16.70,16.10,16.50,8000,15.87
2013-01-09,16.30,16.30,16.10,16.10,2300,15.49
2013-01-08,16.70,16.70,16.20,16.20,6900,15.59
2013-01-07,16.40,16.50,16.20,16.30,17100,15.68
2013-01-04,15.60,16.90,15.60,16.50,20000,15.87
2013-01-03,15.60,15.60,15.40,15.40,10900,14.82
2013-01-02,15.10,15.90,15.10,15.60,40100,15.01
2013-01-01,14.70,14.70,14.70,14.70,000,14.14
2012-12-31,14.70,14.70,14.70,14.70,000,14.14
2012-12-28,15.00,15.00,14.70,14.70,34200,14.14
2012-12-27,15.00,15.00,14.10,15.00,41400,14.43
2012-12-26,15.00,15.00,15.00,15.00,000,14.43
2012-12-25,15.00,15.00,15.00,15.00,000,14.43
2012-12-24,15.00,15.00,15.00,15.00,000,14.43
2012-12-21,15.30,15.30,14.90,15.00,8800,14.43
2012-12-20,15.10,15.20,14.90,14.90,10200,14.33
2012-12-19,15.20,15.30,15.10,15.10,3400,14.53
2012-12-18,15.50,15.50,15.00,15.00,6000,14.43
2012-12-17,14.80,15.00,14.80,14.90,27200,14.33
2012-12-14,15.30,15.50,15.10,15.30,3800,14.72
2012-12-13,15.20,15.30,15.00,15.30,14200,14.72
2012-12-12,15.30,15.30,15.30,15.30,500,14.72
2012-12-11,15.20,15.40,15.20,15.20,5600,14.62
2012-12-10,15.60,15.60,15.10,15.20,6900,14.62
2012-12-07,15.50,15.80,15.40,15.80,16500,15.20
2012-12-06,15.40,15.40,15.10,15.30,15500,14.72
2012-12-05,15.40,15.50,15.40,15.40,4300,14.82
2012-12-04,15.50,15.50,15.40,15.40,5700,14.82
2012-12-03,15.70,15.70,15.50,15.60,7600,15.01
2012-11-30,15.40,15.90,15.10,15.70,11400,15.10
2012-11-29,15.30,15.70,15.00,15.40,24200,14.82
2012-11-28,15.50,15.50,15.30,15.30,2500,14.72
2012-11-27,15.50,15.50,15.50,15.50,4700,14.91
2012-11-26,15.60,16.00,15.00,16.00,18700,15.39
2012-11-23,15.30,15.60,15.30,15.60,3100,15.01
2012-11-22,15.50,15.70,15.30,15.30,3400,14.72
2012-11-21,15.50,15.50,15.50,15.50,1100,14.91
2012-11-20,15.70,15.70,15.20,15.20,3100,14.62
2012-11-19,15.50,15.90,15.50,15.60,3900,15.01
2012-11-16,15.70,15.70,15.70,15.70,3600,15.10
2012-11-15,15.70,15.70,15.70,15.70,2800,15.10
2012-11-14,15.70,15.70,15.70,15.70,2300,15.10
2012-11-13,16.20,16.20,15.70,16.10,3700,15.49
2012-11-12,15.80,15.90,15.80,15.90,5100,15.30
2012-11-09,15.80,15.80,15.80,15.80,1000,15.20
2012-11-08,15.60,15.70,15.60,15.70,2100,15.10
2012-11-07,16.30,16.30,16.00,16.00,21800,15.39
2012-11-06,16.70,16.70,15.90,16.20,17100,15.59
2012-11-05,15.40,15.80,15.40,15.70,9700,15.10
2012-11-02,15.00,15.20,14.90,15.00,4200,14.43
2012-11-01,15.20,15.30,14.95,15.00,4100,14.43
2012-10-31,15.10,15.10,15.10,15.10,200,14.53
2012-10-30,15.00,15.20,14.85,15.20,14900,14.62
2012-10-29,15.70,15.70,15.30,15.30,2200,14.72
2012-10-26,15.30,15.70,15.20,15.70,10500,15.10
2012-10-25,15.20,15.70,15.10,15.70,10800,15.10
2012-10-24,15.60,15.90,15.10,15.70,9100,15.10
2012-10-23,15.70,15.70,15.70,15.70,2900,15.10
2012-10-22,16.00,16.00,15.80,15.80,2200,15.20
2012-10-19,15.90,16.00,15.60,15.80,6600,15.20
2012-10-18,16.20,16.20,16.00,16.00,23700,15.39
2012-10-17,16.30,16.30,16.30,16.30,2500,15.68
2012-10-16,16.40,16.40,16.40,16.40,500,15.78
2012-10-15,16.80,16.80,16.40,16.40,1800,15.78
2012-10-12,16.40,16.60,16.40,16.60,12600,15.97
2012-10-11,16.00,16.40,15.70,16.00,29200,15.39
2012-10-10,16.50,16.50,16.20,16.30,5800,15.68
2012-10-09,16.60,16.70,16.10,16.50,20800,15.87
2012-10-08,16.80,17.20,16.40,16.60,68200,15.97
2012-10-05,16.30,16.30,16.00,16.30,58500,15.68
2012-10-04,16.30,17.20,16.00,16.60,85700,15.97
2012-10-03,15.50,15.50,15.30,15.50,4200,14.91
2012-10-02,15.20,15.50,15.20,15.50,7700,14.91
2012-10-01,15.40,15.70,15.20,15.20,200,14.62
2012-09-28,15.30,15.30,15.20,15.20,6500,14.62
2012-09-27,15.10,15.10,15.10,15.10,5000,14.53
2012-09-26,15.30,15.40,15.30,15.30,7800,14.72
2012-09-25,15.30,15.30,15.20,15.20,5000,14.62
2012-09-24,15.30,15.30,15.20,15.30,5100,14.72
2012-09-21,15.20,15.20,15.20,15.20,2000,14.62
2012-09-20,15.30,15.30,15.10,15.10,300,14.53
2012-09-19,15.00,15.10,15.00,15.10,7300,14.53
2012-09-18,15.00,15.10,14.95,15.10,13900,14.53
2012-09-17,15.20,15.40,15.20,15.20,16700,14.62
2012-09-14,15.30,15.30,15.20,15.30,11900,14.72
2012-09-13,15.20,15.40,15.20,15.30,11200,14.72
2012-09-12,15.30,15.80,15.20,15.80,11700,15.20
2012-09-11,15.50,15.50,15.10,15.10,2500,14.53
2012-09-10,15.70,15.70,15.70,15.70,200,15.10
2012-09-07,15.70,15.80,15.60,15.70,7800,15.10
2012-09-06,15.70,15.70,15.40,15.70,5000,15.10
2012-09-05,15.40,15.40,15.40,15.40,3600,14.82
2012-09-04,15.80,15.90,15.30,15.30,5600,14.72
2012-09-03,15.20,15.40,15.20,15.40,4200,14.82
2012-08-31,15.00,15.50,15.00,15.00,13400,14.43
2012-08-30,15.00,15.00,14.40,15.00,23600,14.43
2012-08-29,15.50,15.50,15.10,15.30,3500,14.72
2012-08-28,15.70,15.70,15.00,15.50,7300,14.91
2012-08-27,15.50,15.50,15.00,15.00,16400,14.43
2012-08-24,15.50,15.60,15.50,15.50,3500,14.91
2012-08-23,15.50,15.50,15.50,15.50,000,14.91
2012-08-22,16.00,16.00,16.00,16.00,1900,15.39
2012-08-21,16.20,16.40,16.20,16.20,192100,15.59
2012-08-20,16.10,16.50,15.90,16.40,9600,15.78
2012-08-17,15.80,16.60,15.70,16.20,12100,15.59
2012-08-16,15.50,15.50,15.50,15.50,2200,14.91
2012-08-15,15.50,15.70,15.50,15.50,5800,14.91
2012-08-14,15.50,15.50,15.30,15.30,1500,14.72
2012-08-13,15.30,15.30,15.30,15.30,000,14.72
2012-08-10,15.10,15.30,15.10,15.30,2500,14.72
2012-08-09,15.40,15.70,15.40,15.40,2500,14.82
2012-08-08,15.40,15.40,15.40,15.40,500,14.82
2012-08-07,15.50,15.50,15.50,15.50,200,14.91
2012-08-06,15.40,15.40,15.10,15.30,800,14.72
2012-08-03,15.20,15.40,15.20,15.40,6600,14.82
2012-08-02,15.40,15.50,15.20,15.50,5400,14.91
2012-08-01,15.60,15.60,15.60,15.60,1500,15.01
2012-07-31,15.60,15.60,15.60,15.60,500,15.01
2012-07-30,15.80,16.10,15.80,16.00,1500,15.39
2012-07-27,16.10,16.10,16.10,16.10,3000,15.49
2012-07-26,15.50,15.70,15.50,15.70,1800,15.10
2012-07-25,15.90,16.00,15.90,16.00,1500,15.39
2012-07-24,15.80,15.80,15.50,15.50,3800,14.91
2012-07-23,16.40,16.40,15.80,15.80,10500,15.20
2012-07-20,16.70,16.70,16.70,16.70,1000,16.07
2012-07-19,16.90,16.90,15.80,16.40,10500,15.78
2012-07-18,16.50,17.00,16.50,16.90,12300,16.26
2012-07-17,16.70,17.00,16.70,17.00,13500,16.35
2012-07-16,16.90,17.20,16.70,16.70,6200,16.07
2012-07-13,16.50,16.50,16.50,16.50,1000,15.87
2012-07-12,16.80,16.80,16.80,16.80,000,16.16
2012-07-11,16.80,16.80,16.80,16.80,500,16.16
2012-07-10,16.60,16.80,16.40,16.80,1600,16.16
2012-07-09,17.00,17.00,17.00,17.00,1500,16.35
2012-07-06,16.80,17.00,16.80,17.00,2000,16.35
2012-07-05,17.10,17.40,16.90,16.90,13800,16.26
2012-07-04,16.90,17.20,16.90,17.10,11500,16.45
2012-07-03,16.70,17.10,16.70,17.10,6200,16.45
2012-07-02,16.30,16.70,16.20,16.70,12300,16.07
2012-06-29,15.90,16.60,15.90,16.60,34900,15.97
2012-06-28,16.80,16.80,15.50,15.50,6400,14.91
2012-06-27,16.00,16.50,15.50,16.50,37200,15.87
2012-06-26,16.20,16.20,15.20,16.00,19000,15.39
2012-06-25,16.50,16.50,15.90,15.90,4700,15.30
2012-06-22,16.30,16.30,16.30,16.30,000,15.68
2012-06-21,15.60,16.30,15.60,16.30,4400,15.68
2012-06-20,15.70,15.70,15.50,15.70,4700,15.10
2012-06-19,15.60,16.20,15.60,16.20,5500,15.59
2012-06-18,15.80,16.10,15.60,16.10,8400,15.49
2012-06-15,16.10,16.10,16.10,16.10,1500,15.49
2012-06-14,15.80,16.40,15.80,16.40,3900,15.78
2012-06-13,16.10,16.10,16.10,16.10,000,15.49
2012-06-12,16.00,16.10,15.80,16.10,4900,15.49
2012-06-11,16.10,16.10,15.90,16.00,5500,15.39
2012-06-08,15.90,16.40,15.90,16.40,12900,15.78
2012-06-07,15.80,15.80,15.50,15.80,9600,15.20
2012-06-06,15.90,15.90,15.90,15.90,000,15.30
2012-06-05,15.70,15.90,15.50,15.90,5600,15.30
2012-06-04,16.60,16.60,15.70,16.20,14900,15.59
2012-06-01,16.50,16.50,16.50,16.50,3000,15.87
2012-05-31,16.80,16.80,16.80,16.80,000,16.16
2012-05-30,17.10,17.10,16.80,16.80,6500,16.16
2012-05-29,17.20,17.20,16.00,16.70,12200,16.07
2012-05-28,17.20,17.20,17.00,17.00,1500,16.35
2012-05-25,17.50,17.50,17.00,17.20,3400,16.55
2012-05-24,17.70,17.70,17.30,17.30,550200,16.64
2012-05-23,17.70,17.70,17.40,17.50,215900,16.84
2012-05-22,17.20,17.20,17.00,17.00,5600,16.35
2012-05-21,17.20,17.30,17.00,17.30,7500,16.64
2012-05-18,17.50,17.50,17.00,17.40,24300,16.74
2012-05-17,17.50,17.50,17.50,17.50,000,16.84
2012-05-16,17.50,17.50,17.30,17.50,29400,16.84
2012-05-15,17.50,17.50,17.50,17.50,5000,16.84
2012-05-14,17.50,17.80,17.30,17.50,36800,16.84
2012-05-11,17.50,17.50,17.50,17.50,800,16.84
2012-05-10,17.10,17.50,17.10,17.50,4900,16.84
2012-05-09,17.10,17.10,17.10,17.10,1000,16.45
2012-05-08,17.20,17.20,17.20,17.20,23800,16.55
2012-05-07,17.60,17.60,17.10,17.10,11100,16.45
2012-05-04,17.60,18.00,17.60,18.00,7500,17.32
2012-05-03,18.00,18.00,17.40,17.60,16500,16.93
2012-05-02,18.00,18.10,17.90,18.00,18600,17.05
2012-05-01,17.80,17.80,17.80,17.80,000,16.86
2012-04-30,17.50,18.00,17.50,17.80,4400,16.86
2012-04-27,17.60,17.80,17.40,17.40,12900,16.48
2012-04-26,17.50,17.90,17.40,17.60,28700,16.67
2012-04-25,17.30,18.00,17.20,17.50,55400,16.57
2012-04-24,16.50,16.50,16.10,16.50,4800,15.63
2012-04-23,16.80,16.80,16.40,16.50,3000,15.63
2012-04-20,16.20,16.70,16.20,16.70,16400,15.82
2012-04-19,16.40,16.40,16.20,16.20,1800,15.34
2012-04-18,16.40,16.40,16.40,16.40,700,15.53
2012-04-17,16.80,16.90,16.60,16.60,9700,15.72
2012-04-16,16.50,16.50,16.50,16.50,000,15.63
2012-04-13,16.50,16.60,16.50,16.50,28700,15.63
2012-04-12,16.00,16.30,16.00,16.30,6300,15.44
2012-04-11,16.10,16.10,16.10,16.10,2400,15.25
2012-04-10,16.20,16.70,16.00,16.00,18900,15.15
2012-04-09,16.30,16.30,16.30,16.30,000,15.44
2012-04-06,16.30,16.30,16.30,16.30,000,15.44
2012-04-05,16.80,16.80,16.30,16.30,7400,15.44
2012-04-04,16.60,16.60,16.50,16.60,7800,15.72
2012-04-03,16.30,16.30,16.30,16.30,600,15.44
2012-04-02,16.00,16.30,16.00,16.00,9000,15.15
2012-03-30,16.20,16.40,15.80,16.00,11100,15.15
2012-03-29,16.30,16.30,15.90,16.10,1500,15.25
2012-03-28,16.10,16.30,15.80,15.80,13500,14.96
2012-03-27,15.70,16.20,15.70,16.00,7700,15.15
2012-03-26,16.40,16.40,16.40,16.40,000,15.53
2012-03-23,16.40,16.40,16.00,16.40,2400,15.53
2012-03-22,16.60,16.60,16.10,16.40,10300,15.53
2012-03-21,17.00,17.00,16.00,16.40,17600,15.53
2012-03-20,17.10,17.10,17.00,17.00,1500,16.10
2012-03-19,17.40,17.40,16.80,17.30,7400,16.38
2012-03-16,17.10,17.30,17.00,17.20,12800,16.29
2012-03-15,17.20,17.20,16.80,17.00,4800,16.10
2012-03-14,17.00,17.20,17.00,17.20,16900,16.29
2012-03-13,17.10,17.10,16.50,16.90,31100,16.01
2012-03-12,16.50,17.30,16.50,17.20,46000,16.29
2012-03-09,16.00,16.40,16.00,16.40,8500,15.53
2012-03-08,15.20,16.10,15.20,16.00,6500,15.15
2012-03-07,15.50,16.00,15.20,16.00,7500,15.15
2012-03-06,16.00,16.00,15.20,15.60,22800,14.77
2012-03-05,16.00,16.00,15.80,16.00,11000,15.15
2012-03-02,16.10,16.10,16.10,16.10,200,15.25
2012-03-01,16.00,16.20,15.60,16.10,19200,15.25
2012-02-29,15.20,15.30,15.10,15.30,6300,14.49
2012-02-28,15.20,15.30,15.00,15.20,6600,14.40
2012-02-27,15.70,16.20,15.40,15.40,14000,14.59
2012-02-24,16.00,16.00,15.50,15.60,8500,14.77
2012-02-23,16.20,16.40,15.70,16.20,21400,15.34
2012-02-22,16.00,16.20,15.50,16.20,826500,15.34
2012-02-21,15.60,16.20,15.40,16.20,33400,15.34
2012-02-20,15.20,15.30,14.50,15.30,17500,14.49
2012-02-17,14.20,15.30,14.20,15.20,63500,14.40
2012-02-16,13.65,14.20,13.65,14.20,43700,13.45
2012-02-15,14.00,14.20,13.30,13.65,41600,12.93
2012-02-14,14.05,14.20,13.30,14.00,56900,13.26
2012-02-13,13.85,13.85,13.40,13.85,77600,13.12
2012-02-10,13.50,13.85,13.50,13.85,5500,13.12
2012-02-09,13.65,13.80,13.65,13.65,11400,12.93
2012-02-08,13.45,13.90,13.45,13.70,49400,12.98
2012-02-07,13.70,13.70,13.55,13.55,1600,12.83
2012-02-06,13.70,13.70,13.45,13.45,13800,12.74
2012-02-03,13.45,14.00,13.45,13.65,11400,12.93
2012-02-02,13.75,13.75,13.15,13.60,24000,12.88
2012-02-01,13.60,13.75,13.60,13.75,2900,13.02
2012-01-31,13.90,13.90,13.90,13.90,1000,13.16
2012-01-30,13.80,13.80,13.65,13.70,7000,12.98
2012-01-27,13.65,13.80,13.65,13.70,7300,12.98
2012-01-26,13.50,13.75,13.50,13.70,28800,12.98
2012-01-25,13.35,13.35,13.35,13.35,000,12.64
2012-01-24,13.50,13.50,13.50,13.50,3000,12.79
2012-01-23,13.50,13.50,13.30,13.50,12700,12.79
2012-01-20,13.25,13.75,13.25,13.75,8700,13.02
2012-01-19,13.20,13.40,13.20,13.40,7700,12.69
2012-01-18,13.00,13.20,13.00,13.20,8100,12.50
2012-01-17,13.25,13.25,12.90,13.10,10900,12.41
2012-01-16,13.20,13.35,13.20,13.35,11300,12.64
2012-01-13,13.40,13.40,13.35,13.35,5000,12.64
2012-01-12,13.50,13.60,13.40,13.60,5300,12.88
2012-01-11,13.20,13.50,13.20,13.50,7700,12.79
2012-01-10,13.40,13.40,13.30,13.30,4200,12.60
2012-01-09,13.45,13.55,13.35,13.50,5700,12.79
2012-01-06,13.60,13.60,13.60,13.60,000,12.88
2012-01-05,13.60,13.60,13.60,13.60,2000,12.88
2012-01-04,13.70,13.70,13.45,13.45,4200,12.74
2012-01-03,13.50,13.95,13.50,13.50,18100,12.79
2012-01-02,13.20,13.20,13.20,13.20,000,12.50
2011-12-30,13.35,13.35,13.35,13.35,000,12.64
2011-12-29,13.15,13.50,13.00,13.35,16800,12.64
2011-12-28,13.00,13.10,13.00,13.10,7100,12.41
2011-12-27,12.80,13.00,12.80,13.00,17200,12.31
2011-12-26,13.20,13.20,13.20,13.20,000,12.50
2011-12-23,13.20,13.20,13.20,13.20,000,12.50
2011-12-22,13.10,13.30,13.10,13.20,13000,12.50
2011-12-21,13.20,13.20,13.00,13.00,18600,12.31
2011-12-20,12.70,13.00,12.70,13.00,34300,12.31
2011-12-19,12.90,12.90,12.90,12.90,10600,12.22
2011-12-16,12.70,13.00,12.70,12.90,6400,12.22
2011-12-15,12.50,12.60,12.50,12.60,5800,11.93
2011-12-14,12.60,12.60,12.60,12.60,000,11.93
2011-12-13,12.80,12.80,12.60,12.60,1800,11.93
2011-12-12,12.80,12.90,12.50,12.50,8200,11.84
2011-12-09,12.50,12.80,12.50,12.80,25000,12.12
2011-12-08,12.25,12.70,12.25,12.70,8800,12.03
2011-12-07,12.95,13.00,12.80,12.80,6000,12.12
2011-12-06,12.90,12.90,12.70,12.80,4300,12.12
2011-12-05,13.00,13.00,12.90,12.90,3400,12.22
2011-12-02,12.60,13.10,12.60,13.00,44300,12.31
2011-12-01,12.40,12.70,12.20,12.40,36600,11.74
2011-11-30,12.50,12.50,12.40,12.50,13800,11.84
2011-11-29,12.70,12.70,12.40,12.70,15100,12.03
2011-11-28,12.75,13.20,12.50,12.50,18900,11.84
2011-11-25,12.75,12.75,12.40,12.40,300,11.74
2011-11-24,12.50,12.80,12.50,12.60,3300,11.93
2011-11-23,12.80,12.85,12.50,12.50,31000,11.84
2011-11-22,12.50,12.70,12.50,12.70,9000,12.03
2011-11-21,12.30,12.30,12.25,12.25,12700,11.60
2011-11-18,12.20,12.50,12.20,12.30,35900,11.65
2011-11-17,12.00,12.00,12.00,12.00,1500,11.37
2011-11-16,11.75,12.20,11.75,12.20,27700,11.55
2011-11-15,12.00,12.00,11.75,11.90,25100,11.27
2011-11-14,12.30,12.30,11.75,12.00,44600,11.37
2011-11-11,11.40,12.25,11.15,12.00,36200,11.37
2011-11-10,11.25,11.25,10.90,11.20,6200,10.61
2011-11-09,11.70,11.70,11.65,11.65,2000,11.03
2011-11-08,11.70,11.75,11.60,11.75,101400,11.13
2011-11-07,11.75,11.75,11.75,11.75,3000,11.13
2011-11-03,11.40,11.75,11.00,11.50,22100,10.89
2011-11-02,11.35,11.75,11.35,11.75,4700,11.13
2011-11-01,11.85,11.85,11.20,11.75,20700,11.13
2011-10-31,12.30,12.30,11.70,12.10,15700,11.46
2011-10-28,12.50,12.90,12.50,12.50,10500,11.84
2011-10-27,12.20,12.70,12.20,12.50,12700,11.84
2011-10-26,12.60,12.60,12.20,12.20,14900,11.55
2011-10-25,12.50,12.90,12.50,12.85,33300,12.17
2011-10-24,12.50,12.50,12.15,12.50,12300,11.84
2011-10-21,12.30,12.50,12.30,12.45,4500,11.79
2011-10-20,12.20,12.30,12.05,12.20,2600,11.55
2011-10-19,12.25,12.25,12.20,12.25,5600,11.60
2011-10-18,12.00,12.20,12.00,12.20,29200,11.55
2011-10-17,11.90,12.20,11.80,12.05,13500,11.41
2011-10-14,11.70,11.90,11.70,11.90,3900,11.27
2011-10-13,11.75,11.90,11.60,11.90,7600,11.27
2011-10-12,12.00,12.00,11.75,11.75,4900,11.13
2011-10-11,11.95,12.20,11.60,12.20,12000,11.55
2011-10-10,12.15,12.20,11.55,11.80,29000,11.18
2011-10-07,11.80,12.40,11.80,11.90,40400,11.27
2011-10-06,10.55,12.50,10.55,11.70,78900,11.08
2011-10-05,10.00,10.10,10.00,10.00,1600,9.47
2011-10-04,10.20,10.20,10.00,10.00,27600,9.47
2011-10-03,10.20,10.20,10.20,10.20,2400,9.66
2011-09-30,10.10,10.35,10.10,10.35,500,9.80
2011-09-29,10.30,10.35,10.25,10.35,5300,9.80
2011-09-28,10.40,10.60,9.90,10.25,24300,9.71
2011-09-27,10.35,11.35,10.15,10.40,55900,9.85
2011-09-26,10.50,10.50,9.95,10.35,102900,9.80
2011-09-23,10.80,11.00,10.30,10.70,79000,10.13
2011-09-22,10.60,10.60,10.60,10.60,1000,10.04
2011-09-21,10.70,10.70,10.70,10.70,300,10.13
2011-09-19,10.80,11.10,10.80,10.90,89000,10.32
2011-09-16,11.35,11.35,11.00,11.00,5000,10.42
2011-09-15,10.50,11.35,10.50,11.35,14500,10.75
2011-09-14,10.05,10.10,10.05,10.10,1500,9.57
2011-09-13,10.15,10.15,10.05,10.05,5000,9.52
2011-09-12,10.15,10.15,10.15,10.15,3000,9.61
2011-09-09,10.60,10.60,10.50,10.50,2800,9.94
2011-09-08,10.70,10.70,10.60,10.60,1400,10.04
2011-09-07,10.50,11.20,10.50,11.00,6900,10.42
2011-09-06,10.90,11.50,10.30,10.70,9500,10.13
2011-09-05,10.90,10.90,10.25,10.30,15900,9.76
2011-09-02,11.55,11.55,11.15,11.40,2700,10.80
2011-09-01,11.25,12.00,11.15,11.55,24300,10.94
2011-08-31,10.75,11.50,10.75,11.25,12100,10.65
2011-08-30,10.50,10.75,10.30,10.75,5700,10.18
2011-08-29,10.70,10.70,10.10,10.60,10300,10.04
2011-08-26,10.40,10.60,10.15,10.60,6200,10.04
2011-08-25,10.35,10.35,10.35,10.35,2000,9.80
2011-08-23,10.50,10.50,10.30,10.30,5000,9.76
2011-08-22,10.35,10.35,10.00,10.00,4200,9.47
2011-08-19,10.40,10.60,10.10,10.20,7900,9.66
2011-08-18,10.70,10.70,10.30,10.30,2200,9.76
2011-08-17,10.75,10.75,10.50,10.70,9000,10.13
2011-08-16,10.95,11.20,10.85,10.85,6500,10.28
2011-08-15,10.70,10.80,10.65,10.80,4500,10.23
2011-08-12,10.60,10.60,10.60,10.60,900,10.04
2011-08-11,10.60,10.60,10.55,10.55,8000,9.99
2011-08-10,11.05,11.50,10.90,11.30,27400,10.70
2011-08-09,9.40,10.50,9.00,10.50,85100,9.94
2011-08-08,9.10,10.00,9.10,9.50,70100,9.00
2011-08-05,10.20,10.20,9.05,10.05,52900,9.52
2011-08-04,10.20,10.80,10.20,10.35,23200,9.80
2011-08-03,10.90,10.90,10.15,10.50,24800,9.94
2011-08-02,10.95,10.95,10.95,10.95,3600,10.37
2011-08-01,11.00,11.00,10.95,10.95,6400,10.37
2011-07-28,11.75,11.75,11.00,11.40,12000,10.80
2011-07-27,11.25,11.50,11.15,11.45,37600,10.84
2011-07-26,11.55,11.55,11.55,11.55,3000,10.94
2011-07-25,11.60,11.65,11.20,11.60,6900,10.99
2011-07-22,11.25,11.40,11.25,11.25,4200,10.65
2011-07-21,11.35,11.35,11.25,11.25,9800,10.65
2011-07-20,11.60,11.60,11.40,11.40,5000,10.80
2011-07-19,11.20,11.65,11.20,11.65,6200,11.03
2011-07-18,11.00,11.55,11.00,11.20,29100,10.61
2011-07-15,12.50,12.50,11.20,11.60,72900,10.99
2011-07-14,12.25,13.15,11.85,12.85,20200,12.17
2011-07-13,12.05,12.05,12.05,12.05,2000,11.41
2011-07-12,12.45,12.45,12.35,12.35,3000,11.70
2011-07-11,12.75,12.75,12.50,12.50,2000,11.84
2011-07-08,12.75,12.75,12.40,12.40,19600,11.74
2011-07-07,12.40,12.65,12.40,12.65,5700,11.98
2011-07-06,11.90,12.40,11.90,12.30,20000,11.65
2011-07-05,11.70,11.70,11.55,11.55,5400,10.94
2011-07-04,11.70,11.80,11.70,11.80,12100,11.18
2011-07-01,12.00,12.00,12.00,12.00,400,11.37
2011-06-30,12.55,12.55,12.00,12.00,13800,11.37
2011-06-29,12.05,12.40,12.05,12.40,7600,11.74
2011-06-28,11.35,11.95,11.35,11.95,4600,11.32
2011-06-27,11.50,11.60,11.25,11.35,5200,10.75
2011-06-23,11.50,11.50,11.25,11.25,6400,10.65
2011-06-22,11.50,11.50,11.50,11.50,1500,10.89
2011-06-21,11.45,11.60,11.10,11.60,14600,10.99
2011-06-20,11.50,11.60,11.30,11.60,13700,10.99
2011-06-17,11.65,11.70,11.65,11.70,2700,11.08
2011-06-16,11.80,12.00,11.00,11.70,29400,11.08
2011-06-15,11.90,12.30,11.90,12.30,1400,11.65
2011-06-14,12.20,12.20,11.80,12.20,10000,11.55
2011-06-13,12.10,13.20,12.10,12.20,10600,11.55
2011-06-10,12.50,12.50,12.30,12.30,2300,11.65
2011-06-09,12.35,12.40,12.30,12.40,4500,11.74
2011-06-08,12.35,12.50,12.35,12.50,7200,11.84
2011-06-07,12.35,12.50,12.35,12.50,1100,11.84
2011-06-03,12.50,12.70,12.50,12.70,19400,12.03
2011-06-01,12.75,12.75,12.50,12.75,10700,12.08
2011-05-31,13.05,13.05,12.75,12.85,8900,12.17
2011-05-30,13.10,13.25,12.75,12.75,6400,12.08
2011-05-27,13.05,13.25,13.05,13.25,700,12.55
2011-05-26,13.20,13.20,13.00,13.20,19900,12.50
2011-05-25,13.00,13.00,12.50,13.00,19200,12.31
2011-05-24,12.65,13.05,12.65,13.05,1700,12.36
2011-05-23,13.05,13.05,12.75,13.05,29700,12.36
2011-05-20,13.05,13.05,13.00,13.05,3300,12.36
2011-05-19,12.90,13.00,12.75,13.00,15200,12.31
2011-05-18,13.00,13.10,13.00,13.00,11700,12.31
2011-05-17,13.35,13.35,13.10,13.10,27700,12.41
2011-05-16,13.30,13.30,13.30,13.30,10900,12.60
2011-05-13,13.10,13.30,13.10,13.20,3200,12.50
2011-05-12,13.10,13.10,13.10,13.10,100,12.41
2011-05-11,13.25,13.25,13.10,13.10,14100,12.41
2011-05-10,13.20,13.30,13.15,13.25,38100,12.55
2011-05-09,13.10,13.20,13.10,13.20,3100,12.50
2011-05-06,13.00,13.35,13.00,13.10,14700,12.41
2011-05-05,13.00,13.00,13.00,13.00,4300,12.31
2011-05-04,12.90,13.20,12.85,13.10,15800,12.41
2011-05-03,13.30,13.30,12.90,13.30,114000,12.60
2011-05-02,13.20,13.45,13.20,13.30,46500,12.60
2011-04-29,13.15,13.40,13.10,13.30,21400,12.60
2011-04-28,13.45,13.45,13.10,13.30,31700,12.60
2011-04-27,13.05,13.40,13.05,13.30,20600,12.60
2011-04-26,13.60,13.60,13.00,13.00,10900,12.31
2011-04-21,13.70,13.85,13.30,13.45,16300,12.74
2011-04-20,13.20,14.00,13.20,13.70,70600,12.98
2011-04-19,12.30,12.50,12.20,12.50,7900,11.84
2011-04-18,12.00,12.15,12.00,12.00,12400,11.37
2011-04-15,11.85,12.10,11.80,12.00,33500,11.37
2011-04-14,11.60,11.80,11.60,11.80,5700,11.18
2011-04-13,11.75,11.75,11.45,11.45,13400,10.84
2011-04-12,12.00,12.00,11.80,11.80,8300,11.18
2011-04-11,11.80,12.00,11.80,12.00,12500,11.37
2011-04-08,11.40,11.80,11.40,11.80,28900,11.18
2011-04-07,11.30,11.30,11.20,11.20,6200,10.61
2011-04-06,11.45,11.45,11.20,11.20,3500,10.61
2011-04-05,11.05,11.40,11.05,11.40,13600,10.80
2011-04-04,11.00,11.30,11.00,11.30,26900,10.70
2011-04-01,11.30,11.30,10.90,11.00,13200,10.42
2011-03-31,11.10,11.10,10.95,11.00,12200,10.42
2011-03-30,11.25,11.40,10.95,11.00,21200,10.42
2011-03-29,11.20,11.40,11.20,11.40,8000,10.80
2011-03-28,11.65,11.65,11.10,11.30,6900,10.70
2011-03-25,11.45,11.50,11.35,11.45,9200,10.84
2011-03-24,12.15,12.15,11.10,11.10,39100,10.51
2011-03-23,11.55,11.60,11.25,11.55,3800,10.94
2011-03-22,11.70,11.85,11.15,11.60,23400,10.99
2011-03-21,11.30,11.70,11.25,11.65,16000,11.03
2011-03-18,11.45,11.55,11.45,11.45,3500,10.84
2011-03-17,11.60,11.60,11.30,11.40,11500,10.80
2011-03-16,10.85,11.45,10.85,11.35,49800,10.75
2011-03-15,11.00,11.35,10.85,11.00,56800,10.42
2011-03-14,11.35,11.45,11.00,11.35,37200,10.75
2011-03-11,12.05,12.05,11.60,11.70,36500,11.08
2011-03-10,12.35,12.35,12.20,12.20,24900,11.55
2011-03-09,12.95,12.95,12.20,12.90,8500,12.22
2011-03-08,13.25,13.50,12.80,12.90,15800,12.22
2011-03-07,12.25,13.15,12.25,13.15,31100,12.45
2011-03-04,12.40,12.80,12.40,12.45,31700,11.79
2011-03-03,11.70,12.45,11.70,12.25,14600,11.60
2011-03-02,11.60,11.70,11.60,11.70,21500,11.08
2011-03-01,11.65,11.70,11.40,11.70,45700,11.08
2011-02-28,11.70,11.70,11.40,11.55,34100,10.94
2011-02-25,11.70,11.95,11.45,11.65,16100,11.03
2011-02-24,11.90,11.90,11.40,11.90,9900,11.27
2011-02-23,12.00,12.35,11.70,12.00,9500,11.37
2011-02-22,12.00,12.30,11.60,12.00,24000,11.37
2011-02-21,12.80,12.80,12.20,12.50,11900,11.84
2011-02-18,12.95,12.95,12.60,12.80,15200,12.12
2011-02-17,12.95,12.95,12.55,12.80,26300,12.12
2011-02-16,13.20,13.20,12.30,12.85,37000,12.17
2011-02-15,12.10,13.25,11.55,13.20,41300,12.50
2011-02-14,12.20,12.30,12.10,12.20,28900,11.55
2011-02-11,11.90,12.10,11.90,12.10,10500,11.46
2011-02-10,12.10,12.50,11.80,12.00,23900,11.37
2011-02-09,13.00,13.00,12.10,12.10,22900,11.46
2011-02-08,12.85,13.00,12.20,13.00,12700,12.31
2011-02-07,13.20,13.20,12.50,12.90,13500,12.22
2011-02-04,13.20,13.45,13.00,13.00,41000,12.31
2011-02-03,13.25,13.40,13.20,13.30,21300,12.60
2011-02-02,13.50,13.70,13.50,13.50,12300,12.79
2011-02-01,13.30,13.35,13.20,13.25,9600,12.55
2011-01-31,13.30,13.45,13.30,13.45,13100,12.74
2011-01-28,13.80,13.80,13.25,13.50,19500,12.79
2011-01-27,13.50,13.80,13.50,13.70,3200,12.98
2011-01-26,14.30,14.40,13.40,13.90,41100,13.16
2011-01-25,14.00,14.10,13.80,14.05,74700,13.31
2011-01-24,13.50,13.95,13.50,13.90,29000,13.16
2011-01-21,13.90,13.90,13.20,13.20,123600,12.50
2011-01-20,12.95,13.55,12.90,13.30,91400,12.60
2011-01-19,12.95,12.95,11.25,12.50,54800,11.84
2011-01-18,13.10,13.25,12.90,12.95,18900,12.26
2011-01-17,13.40,13.40,13.00,13.05,18800,12.36
2011-01-14,13.50,13.65,13.30,13.30,47200,12.60
2011-01-13,13.70,14.15,13.10,13.50,235600,12.79
2011-01-12,10.80,13.90,10.80,13.50,252100,12.79
2011-01-11,10.50,10.80,10.50,10.80,4800,10.23
2011-01-10,10.95,10.95,10.55,10.60,16100,10.04
2011-01-07,10.90,11.00,10.60,10.90,27600,10.32
2011-01-04,10.85,11.25,10.85,10.85,44600,10.28
2011-01-03,10.25,10.95,10.25,10.60,10600,10.04
2010-12-30,10.30,10.50,10.30,10.40,5000,9.85
2010-12-29,10.20,10.70,10.20,10.30,22000,9.76
2010-12-28,10.30,10.45,10.10,10.45,43900,9.90
2010-12-27,10.00,10.20,10.00,10.15,27300,9.61
2010-12-23,10.30,10.30,10.15,10.25,13200,9.71
2010-12-22,10.30,10.40,10.20,10.25,26900,9.71
2010-12-21,10.15,10.85,10.15,10.60,67100,10.04
2010-12-20,9.85,10.30,9.85,10.20,24000,9.66
2010-12-17,10.25,10.35,10.00,10.35,17200,9.80
2010-12-16,10.05,10.35,10.05,10.25,27900,9.71
2010-12-15,10.25,10.50,10.00,10.40,65600,9.85
2010-12-14,10.25,10.25,10.00,10.25,49200,9.71
2010-12-13,10.00,10.35,10.00,10.25,47600,9.71
2010-12-10,10.10,10.45,10.10,10.35,25100,9.80
2010-12-09,10.00,10.25,9.70,10.25,31100,9.71
2010-12-08,10.25,10.30,10.00,10.00,40200,9.47
2010-12-07,10.25,10.50,10.00,10.50,38000,9.94
2010-12-06,10.30,10.60,10.30,10.50,19900,9.94
2010-12-03,10.50,10.70,10.40,10.60,15700,10.04
2010-12-02,10.25,10.50,10.25,10.50,27700,9.94
2010-12-01,10.50,10.50,10.00,10.25,12300,9.71
2010-11-30,10.30,10.60,10.30,10.60,6700,10.04
2010-11-29,10.50,10.50,10.30,10.30,5100,9.76
2010-11-26,10.40,10.50,10.40,10.50,5400,9.94
2010-11-25,10.25,10.25,10.25,10.25,300,9.71
2010-11-24,10.90,10.90,10.35,10.35,9400,9.80
2010-11-23,10.90,10.90,10.35,10.35,3800,9.80
2010-11-22,10.80,10.85,10.80,10.80,4900,10.23
2010-11-19,10.65,10.85,10.65,10.65,2900,10.09
2010-11-18,10.85,10.95,10.50,10.50,20100,9.94
2010-11-17,10.40,10.60,10.40,10.45,9600,9.90
2010-11-16,10.40,10.75,10.40,10.75,7600,10.18
2010-11-15,10.65,10.95,10.60,10.60,3600,10.04
2010-11-12,10.40,10.55,10.40,10.50,11400,9.94
2010-11-11,11.10,11.10,11.00,11.00,13100,10.42
2010-11-10,10.90,11.10,10.50,11.10,9400,10.51
2010-11-09,11.00,11.00,10.60,10.90,38000,10.32
2010-11-08,11.80,11.90,10.70,11.25,14200,10.65
2010-11-05,11.85,11.85,11.35,11.35,2100,10.75
2010-11-04,11.00,11.40,10.80,11.35,6000,10.75
2010-11-03,11.00,11.20,10.50,10.50,656800,9.94
2010-11-02,10.65,11.20,10.65,11.10,24200,10.51
2010-11-01,10.50,11.30,10.50,10.60,24000,10.04
2010-10-29,10.50,10.60,9.95,10.00,720700,9.47
2010-10-28,11.00,11.00,10.40,10.50,13800,9.94
2010-10-27,11.90,11.90,10.00,11.10,33700,10.51
2010-10-26,11.50,11.90,10.90,11.50,38000,10.89
2010-10-25,11.45,11.95,11.40,11.95,1100,11.32
2010-10-22,11.15,11.80,11.05,11.80,10300,11.18
2010-10-21,11.40,11.40,11.15,11.15,3800,10.56
2010-10-20,11.95,11.95,11.40,11.40,11700,10.80
2010-10-19,11.25,11.25,11.25,11.25,2200,10.65
2010-10-18,11.90,11.90,11.25,11.25,7500,10.65
2010-10-15,11.95,12.00,11.70,11.70,13600,11.08
2010-10-14,11.45,11.95,11.45,11.95,6600,11.32
2010-10-13,11.95,12.00,11.40,12.00,5200,11.37
2010-10-12,11.50,11.95,11.40,11.95,301800,11.32
2010-10-11,11.95,12.00,11.35,12.00,20300,11.37
2010-10-08,11.70,11.70,11.05,11.05,9900,10.47
2010-10-07,12.00,12.00,11.55,12.00,11200,11.37
2010-10-06,12.40,12.40,12.00,12.00,2700,11.37
2010-10-05,11.50,11.50,11.50,11.50,3500,10.89
2010-10-04,11.50,12.20,11.50,11.60,16400,10.99
2010-10-01,11.60,11.60,11.60,11.60,2000,10.99
2010-09-30,12.35,12.40,12.00,12.10,2700,11.46
2010-09-29,11.70,12.35,11.60,12.35,2600,11.70
2010-09-28,12.00,12.35,11.60,12.35,5300,11.70
2010-09-27,12.40,12.50,12.10,12.40,6700,11.74
2010-09-24,12.60,12.60,11.50,12.60,16000,11.93
2010-09-23,12.60,12.60,12.00,12.00,7000,11.37
2010-09-22,12.40,12.60,12.40,12.60,12000,11.93
2010-09-21,12.30,12.30,12.30,12.30,3100,11.65
2010-09-20,12.50,12.50,12.30,12.30,1500,11.65
2010-09-17,12.15,12.90,12.10,12.80,8800,12.12
2010-09-16,12.60,12.60,12.50,12.50,2400,11.84
2010-09-15,12.60,12.60,12.60,12.60,000,11.93
2010-09-14,11.95,12.60,11.95,12.60,700,11.93
2010-09-13,11.75,12.70,11.75,12.70,6100,12.03
2010-09-10,12.50,13.00,11.50,13.00,6900,12.31
2010-09-09,12.70,12.70,12.60,12.60,3400,11.93
2010-09-08,12.60,12.60,12.60,12.60,2500,11.93
2010-09-07,12.30,12.30,11.55,11.55,000,10.94
2010-09-06,12.30,12.70,12.30,12.30,4800,11.65
2010-09-03,12.20,12.20,12.15,12.20,4300,11.55
2010-09-02,12.20,12.20,12.10,12.10,900,11.46
2010-09-01,12.00,12.00,12.00,12.00,1500,11.37
2010-08-31,12.00,12.00,11.50,11.50,2300,10.89
2010-08-30,11.25,11.25,11.00,11.25,3900,10.65
2010-08-27,12.00,12.20,11.25,11.65,9200,11.03
2010-08-26,12.20,12.20,12.00,12.00,300,11.37
2010-08-25,12.00,12.10,11.80,11.80,5800,11.18
2010-08-24,12.00,12.10,11.25,11.80,10700,11.18
2010-08-23,12.50,12.50,11.50,12.10,14100,11.46
2010-08-20,11.60,12.00,11.50,12.00,17000,11.37
2010-08-19,12.00,12.20,11.30,11.80,15100,11.18
2010-08-18,12.25,12.25,12.00,12.25,13800,11.60
2010-08-17,12.00,12.30,12.00,12.30,2400,11.65
2010-08-16,12.40,12.40,12.20,12.40,3600,11.74
2010-08-13,11.50,12.50,11.25,12.40,13800,11.74
2010-08-12,12.50,12.80,12.50,12.50,9800,11.84
2010-08-11,12.50,12.50,12.00,12.50,22400,11.84
2010-08-10,12.50,12.95,12.00,12.50,13300,11.84
2010-08-09,12.80,13.40,12.50,12.50,18600,11.84
2010-08-06,12.80,12.95,12.50,12.95,5900,12.26
2010-08-05,12.00,13.00,12.00,13.00,12900,12.31
2010-08-04,12.45,12.50,12.00,12.40,23400,11.74
2010-08-03,12.75,12.80,12.50,12.80,33800,12.12
2010-08-02,13.00,13.00,12.50,12.75,32300,12.08
2010-07-30,13.00,13.00,12.80,13.00,31100,12.31
2010-07-29,13.15,13.50,13.00,13.20,9400,12.50
2010-07-28,13.40,13.40,13.15,13.20,6700,12.50
2010-07-27,13.80,13.80,13.15,13.15,9400,12.45
2010-07-26,13.40,13.40,13.20,13.40,10600,12.69
2010-07-23,13.60,13.60,13.00,13.20,14600,12.50
2010-07-22,13.60,13.60,12.95,13.60,19400,12.88
2010-07-21,13.90,14.00,13.60,13.95,6700,13.21
2010-07-20,14.05,14.20,13.90,13.90,3500,13.16
2010-07-19,15.00,15.00,14.00,14.25,43800,13.50
2010-07-16,14.60,15.00,14.10,14.10,44400,13.35
2010-07-15,14.15,14.25,13.60,14.10,17300,13.35
2010-07-14,13.60,13.80,13.55,13.75,3900,13.02
2010-07-13,13.55,14.55,13.55,14.55,1600,13.78
2010-07-12,14.00,14.00,14.00,14.00,1600,13.26
2010-07-09,13.55,13.55,13.50,13.50,1600,12.79
2010-07-08,14.00,14.00,13.55,13.55,000,12.83
2010-07-07,13.50,13.90,13.50,13.90,7200,13.16
2010-07-06,13.30,13.50,13.30,13.50,2200,12.79
2010-07-05,13.70,13.70,12.55,12.55,1000,11.89
2010-07-02,13.20,13.30,13.20,13.20,15600,12.50
2010-07-01,13.10,13.10,13.10,13.10,6000,12.41
2010-06-30,13.50,13.75,13.00,13.10,7500,12.41
2010-06-29,14.50,14.50,13.80,14.00,12400,13.26
2010-06-28,13.90,14.50,13.50,14.50,5800,13.73
2010-06-24,14.10,14.90,13.80,13.80,18200,13.07
2010-06-23,13.95,13.95,13.50,13.50,13800,12.79
2010-06-22,13.50,13.50,13.50,13.50,2400,12.79
2010-06-21,13.50,14.85,12.60,12.60,4600,11.93
2010-06-18,12.80,13.35,12.80,13.30,600,12.60
2010-06-17,13.00,13.00,12.55,12.55,000,11.89
2010-06-16,13.00,13.00,13.00,13.00,1400,12.31
2010-06-15,13.20,13.20,12.55,13.00,1900,12.31
2010-06-14,13.20,13.20,12.60,13.00,3200,12.31
2010-06-11,13.20,13.50,12.55,13.20,6600,12.50
2010-06-10,13.95,14.00,13.05,13.05,8900,12.36
2010-06-09,13.75,13.90,13.50,13.50,10400,12.79
2010-06-08,14.00,14.00,13.50,13.50,11100,12.79
2010-06-07,15.50,15.50,13.80,13.80,10100,13.07
2010-06-04,14.30,15.00,14.20,14.60,11800,13.83
2010-06-03,14.30,14.30,13.90,13.90,4300,13.16
2010-06-02,14.20,14.40,14.20,14.20,600,13.45
2010-06-01,14.80,14.80,13.60,14.20,9000,13.45
2010-05-31,14.85,14.85,13.70,13.70,10500,12.98
2010-05-28,13.50,13.50,13.40,13.50,4400,12.79
2010-05-27,14.00,14.50,13.50,13.55,18500,12.83
2010-05-26,13.00,14.00,13.00,13.40,14900,12.69
2010-05-25,13.50,13.50,12.10,13.00,10000,12.31
2010-05-24,13.60,13.90,13.40,13.50,2400,12.79
2010-05-21,13.00,13.00,12.40,13.00,11200,12.31
2010-05-20,13.90,14.00,13.00,13.00,10400,12.31
2010-05-19,14.00,14.00,13.50,13.90,5600,13.16
2010-05-18,13.70,13.70,13.60,13.70,4000,12.98
2010-05-17,13.00,14.00,13.00,13.50,11900,12.79
2010-05-14,12.50,12.85,12.20,12.85,6200,12.17
2010-05-12,12.50,12.70,12.50,12.70,3200,12.03
2010-05-11,12.85,13.05,12.30,12.60,10800,11.93
2010-05-10,12.10,13.40,12.10,12.70,11700,12.03
2010-05-07,12.00,12.10,10.50,11.60,41600,10.99
2010-05-06,13.50,13.50,12.50,12.50,4300,11.84
2010-05-05,13.50,13.70,12.00,13.70,22500,12.98
2010-05-04,13.90,13.90,13.50,13.60,24600,12.88
2010-05-03,13.25,14.15,14.15,14.00,2600,13.26
2010-04-30,13.75,13.90,13.70,13.90,5400,13.16
2010-04-29,12.00,14.40,11.50,13.75,22900,13.02
2010-04-28,13.00,13.10,10.00,12.50,85700,11.84
2010-04-27,14.10,14.85,13.50,13.50,41600,12.79
2010-04-26,15.10,15.50,14.10,14.50,21000,13.73
2010-04-23,15.50,15.50,12.50,15.00,68200,14.21
2010-04-22,16.90,16.90,16.70,16.90,29700,16.01
2010-04-21,16.50,17.10,16.10,16.60,48100,15.72
2010-04-20,16.50,16.70,16.30,16.30,10400,15.44
2010-04-19,17.30,17.30,16.70,16.70,8500,15.82
2010-04-16,16.80,17.00,16.60,16.80,7500,15.91
2010-04-15,16.80,16.80,16.50,16.50,8400,15.63
2010-04-14,17.00,17.00,16.70,16.70,13500,15.82
2010-04-13,17.30,17.30,17.00,17.00,2300,16.10
2010-04-12,17.10,17.20,17.00,17.00,10300,16.10
2010-04-09,16.70,17.30,16.50,17.00,15700,16.10
2010-04-08,17.30,17.30,17.00,17.00,10600,16.10
2010-04-07,17.10,17.30,16.80,17.00,22200,16.10
2010-04-06,17.60,17.60,16.90,17.10,20200,16.20
2010-04-01,17.60,17.60,17.40,17.50,1500,16.57
2010-03-31,17.50,17.70,17.50,17.70,17800,16.76
2010-03-30,17.40,17.80,17.40,17.60,48200,16.67
2010-03-29,17.80,18.10,17.40,17.40,51100,16.48
2010-03-26,17.50,17.80,17.50,17.80,35100,16.86
2010-03-25,17.20,17.50,17.00,17.30,51900,16.38
2010-03-24,17.20,17.20,16.40,16.40,21000,15.53
2010-03-23,17.00,17.40,16.90,17.20,27700,16.29
2010-03-22,17.50,17.50,17.00,17.00,35500,16.10
2010-03-19,17.20,17.80,17.00,17.50,53700,16.57
2010-03-18,17.00,17.60,16.90,17.50,37900,16.57
2010-03-17,16.70,17.00,16.60,16.70,44100,15.82
2010-03-16,17.30,17.30,16.30,16.70,53400,15.82
2010-03-15,15.50,16.90,15.50,16.60,122800,15.72
2010-03-12,15.20,15.50,15.20,15.40,14800,14.59
2010-03-11,15.40,15.40,15.10,15.20,8600,14.40
2010-03-10,15.40,15.40,15.00,15.40,15400,14.59
2010-03-09,15.20,15.60,15.20,15.40,13200,14.59
2010-03-08,15.00,15.60,15.00,15.10,19100,14.30
2010-03-05,15.70,15.70,15.00,15.40,22900,14.59
2010-03-04,15.40,15.60,15.40,15.60,13700,14.77
2010-03-03,15.20,15.40,15.20,15.40,19800,14.59
2010-03-02,15.40,15.60,15.10,15.20,33200,14.40
2010-03-01,15.30,15.60,15.00,15.40,37300,14.59
2010-02-26,15.00,15.30,15.00,15.10,11000,14.30
2010-02-25,15.30,15.30,15.00,15.30,5100,14.49
2010-02-24,15.00,15.30,14.90,15.30,30800,14.49
2010-02-23,15.20,15.20,14.90,15.20,12500,14.40
2010-02-22,15.20,15.20,14.90,15.20,23400,14.40
2010-02-19,15.50,15.50,15.00,15.00,20400,14.21
2010-02-18,15.40,15.40,15.00,15.30,21000,14.49
2010-02-17,15.50,15.50,15.20,15.20,22300,14.40
2010-02-16,15.80,15.80,15.20,15.20,30600,14.40
2010-02-15,15.20,15.70,15.00,15.70,68000,14.87
2010-02-12,16.00,16.10,15.10,15.20,112900,14.40
2010-02-11,14.40,15.30,14.40,15.30,163600,14.49
2010-02-10,13.60,13.60,13.45,13.45,13900,12.74
2010-02-09,14.10,14.20,13.40,13.90,13000,13.16
2010-02-08,14.20,14.55,13.90,14.10,10100,13.35
2010-02-05,14.10,14.55,14.00,14.55,5300,13.78
2010-02-04,14.10,14.10,14.00,14.00,6900,13.26
2010-02-03,14.40,14.50,14.10,14.20,9000,13.45
2010-02-02,14.40,14.45,13.95,14.35,9100,13.59
2010-02-01,14.30,14.40,14.20,14.40,8500,13.64
2010-01-29,13.80,14.50,13.80,14.10,6800,13.35
2010-01-28,14.50,14.50,13.60,13.70,22300,12.98
2010-01-27,14.00,14.95,14.00,14.45,18200,13.69
2010-01-26,14.40,14.60,13.50,13.70,25000,12.98
2010-01-25,15.20,15.20,14.00,14.40,33300,13.64
2010-01-22,15.00,15.10,13.90,14.50,89900,13.73
2010-01-21,13.50,15.00,13.30,14.80,47800,14.02
2010-01-20,13.80,13.80,13.00,13.20,46700,12.50
2010-01-19,15.20,15.20,13.85,13.85,31900,13.12
2010-01-18,15.40,15.40,14.40,15.10,26500,14.30
2010-01-15,15.20,15.30,15.00,15.20,21900,14.40
2010-01-14,16.00,16.50,15.00,15.20,95900,14.40
2010-01-13,14.65,16.00,14.65,16.00,153200,15.15
2010-01-12,13.90,14.80,13.70,14.00,168600,13.26
2010-01-11,14.00,15.50,13.15,13.15,63200,12.45
2010-01-08,13.00,13.30,12.95,12.95,57500,12.26
2010-01-07,13.00,13.00,12.50,12.95,29800,12.26
2010-01-05,13.20,13.20,11.80,12.60,17000,11.93
2010-01-04,10.10,12.50,10.00,12.50,31700,11.84
2009-12-30,10.20,10.20,9.80,10.00,4100,9.47
2009-12-29,10.20,10.20,9.95,9.95,13800,9.42
2009-12-28,9.75,10.20,9.75,10.20,10000,9.66
2009-12-23,9.75,9.95,9.75,9.75,12000,9.23
2009-12-22,9.70,9.70,9.55,9.55,000,9.04
2009-12-21,9.50,9.65,9.50,9.65,1500,9.14
2009-12-18,9.70,10.00,9.70,9.70,17600,9.19
2009-12-17,9.70,9.70,9.70,9.70,000,9.19
2009-12-16,9.30,9.70,9.30,9.40,5000,8.90
2009-12-15,9.50,9.70,9.40,9.40,7400,8.90
2009-12-14,9.80,9.80,9.10,9.15,18800,8.67
2009-12-11,9.50,10.00,9.50,9.90,8100,9.38
2009-12-10,9.60,9.60,8.15,9.00,12000,8.52
2009-12-09,9.50,9.65,9.50,9.50,8800,9.00
2009-12-08,9.50,9.50,9.30,9.50,23200,9.00
2009-12-07,10.10,10.10,9.40,9.95,20700,9.42
2009-12-04,9.40,10.20,9.40,10.05,29800,9.52
2009-12-03,9.20,9.35,9.00,9.35,9100,8.86
2009-12-02,8.55,10.25,8.55,9.00,106700,8.52
2009-12-01,8.45,8.55,8.40,8.40,10700,7.96
2009-11-30,8.55,8.55,8.30,8.45,9300,8.00
2009-11-27,8.70,8.70,8.50,8.50,9000,8.05
2009-11-26,8.70,8.70,8.70,8.70,2000,8.24
2009-11-25,9.00,9.00,8.70,8.70,000,8.24
2009-11-24,8.85,8.85,8.70,8.70,9500,8.24
2009-11-23,8.90,9.00,8.90,8.90,4200,8.43
2009-11-20,8.80,8.80,8.65,8.65,4300,8.19
2009-11-19,8.80,9.00,8.80,9.00,2500,8.52
2009-11-18,9.00,9.05,8.80,8.80,15700,8.33
2009-11-17,8.80,9.00,8.80,9.00,5000,8.52
2009-11-16,8.80,8.90,8.80,8.90,3700,8.43
2009-11-13,8.90,8.90,8.90,8.90,500,8.43
2009-11-12,8.90,8.90,8.90,8.90,1600,8.43
2009-11-11,8.70,9.00,8.70,9.00,4700,8.52
2009-11-10,9.00,9.00,9.00,9.00,200,8.52
2009-11-09,9.00,9.00,8.70,9.00,12300,8.52
2009-11-06,8.90,9.00,8.90,9.00,4400,8.52
2009-11-05,8.90,9.00,8.90,9.00,2100,8.52
2009-11-04,9.00,9.10,9.00,9.00,7000,8.52
2009-11-03,8.90,9.00,8.90,9.00,4600,8.52
2009-11-02,8.90,9.15,8.90,9.15,3400,8.67
2009-10-30,8.90,8.90,8.65,8.65,000,8.19
2009-10-29,8.90,9.00,8.45,8.70,17200,8.24
2009-10-28,9.00,9.25,8.95,8.95,11500,8.48
2009-10-27,9.15,9.15,9.00,9.00,4500,8.52
2009-10-26,9.70,9.70,9.10,9.10,7100,8.62
2009-10-23,9.20,9.90,9.20,9.55,21100,9.04
2009-10-22,9.05,9.05,9.05,9.05,500,8.57
2009-10-21,8.85,8.95,8.85,8.95,3300,8.48
2009-10-20,9.00,9.15,9.00,9.15,3500,8.67
2009-10-19,9.10,9.10,8.80,8.95,11000,8.48
2009-10-16,9.00,9.00,9.00,9.00,6700,8.52
2009-10-15,9.15,9.15,8.85,8.85,000,8.38
2009-10-14,9.35,9.45,9.15,9.15,6500,8.67
2009-10-13,9.25,9.40,9.10,9.15,5600,8.67
2009-10-12,9.10,9.50,9.10,9.50,10000,9.00
2009-10-09,8.80,9.65,8.80,9.65,3800,9.14
2009-10-08,9.10,9.20,8.80,9.00,19600,8.52
2009-10-07,9.00,9.15,8.85,9.15,14100,8.67
2009-10-06,9.00,9.00,9.00,9.00,2800,8.52
2009-10-05,9.20,9.20,9.00,9.00,500,8.52
2009-10-02,9.00,9.50,8.75,9.20,13100,8.71
2009-10-01,9.45,9.50,9.00,9.00,21000,8.52
2009-09-30,9.70,9.75,9.50,9.55,7600,9.04
2009-09-29,9.30,9.30,9.20,9.20,000,8.71
2009-09-28,9.15,9.85,9.15,9.20,18200,8.71
2009-09-25,9.15,9.15,8.90,8.90,000,8.43
2009-09-24,9.15,9.15,8.80,8.80,000,8.33
2009-09-23,9.30,9.35,9.00,9.00,18600,8.52
2009-09-22,8.35,9.00,8.35,9.00,8800,8.52
2009-09-21,8.85,8.85,8.55,8.60,2600,8.14
2009-09-18,8.85,8.85,8.75,8.85,4700,8.38
2009-09-17,9.10,9.20,9.00,9.20,5200,8.71
2009-09-16,9.35,9.35,9.00,9.15,8100,8.67
2009-09-15,9.30,9.30,8.70,9.15,5700,8.67
2009-09-14,10.00,10.00,9.00,9.35,27900,8.86
2009-09-11,9.10,11.10,9.10,10.00,30300,9.47
2009-09-10,8.80,8.80,8.75,8.75,3700,8.29
2009-09-09,8.40,8.50,8.20,8.50,8400,8.05
2009-09-08,8.50,9.00,8.50,8.75,23600,8.29
2009-09-07,8.20,8.30,8.20,8.30,2800,7.86
2009-09-04,8.35,8.50,8.20,8.20,25500,7.77
2009-09-03,8.35,8.35,8.20,8.30,11200,7.86
2009-09-02,8.35,8.35,8.35,8.35,2000,7.91
2009-09-01,8.40,8.45,8.35,8.45,2500,8.00
2009-08-31,8.35,8.45,8.35,8.45,4800,8.00
2009-08-28,8.50,8.50,8.50,8.50,500,8.05
2009-08-27,8.80,8.80,8.60,8.60,3000,8.14
2009-08-26,8.60,8.60,8.50,8.50,2500,8.05
2009-08-25,8.50,8.55,8.50,8.50,9300,8.05
2009-08-24,8.55,8.55,8.50,8.50,000,8.05
2009-08-21,8.20,8.30,8.20,8.30,1500,7.86
2009-08-20,8.30,8.30,8.20,8.20,000,7.77
2009-08-19,8.40,8.40,8.20,8.20,000,7.77
2009-08-18,8.45,8.45,8.45,8.45,3000,8.00
2009-08-17,8.50,8.50,8.25,8.45,5300,8.00
2009-08-14,8.45,8.50,8.45,8.50,12000,8.05
2009-08-13,8.20,8.50,8.00,8.45,21900,8.00
2009-08-12,8.35,8.40,8.35,8.35,15400,7.91
2009-08-11,8.20,8.35,8.20,8.35,4000,7.91
2009-08-10,8.20,8.20,8.20,8.20,2700,7.77
2009-08-07,8.25,8.25,8.20,8.20,8000,7.77
2009-08-06,8.10,8.30,8.10,8.30,13700,7.86
2009-08-05,8.10,8.10,7.95,7.95,000,7.53
2009-08-04,7.85,7.85,7.85,7.85,4500,7.43
2009-08-03,7.90,8.00,7.85,7.85,8500,7.43
2009-07-31,8.05,8.05,8.00,8.00,2000,7.58
2009-07-30,8.10,8.10,8.05,8.05,2000,7.62
2009-07-29,8.10,8.10,8.10,8.10,2000,7.67
2009-07-28,7.90,7.90,7.85,7.85,7500,7.43
2009-07-27,8.00,8.00,7.90,7.90,1600,7.48
2009-07-24,8.15,8.15,8.00,8.00,000,7.58
2009-07-23,8.20,8.20,7.90,7.90,000,7.48
2009-07-22,8.10,8.10,8.00,8.00,6000,7.58
2009-07-21,7.80,8.35,7.80,8.35,13100,7.91
2009-07-20,7.85,7.85,7.80,7.80,4900,7.39
2009-07-17,7.75,7.85,7.40,7.85,10500,7.43
2009-07-16,7.65,8.30,7.65,7.80,16200,7.39
2009-07-15,7.50,7.90,7.40,7.40,21300,7.01
2009-07-14,7.95,8.50,7.80,8.50,20100,8.05
2009-07-13,7.95,7.95,7.95,7.95,3700,7.53
2009-07-10,8.25,8.25,8.00,8.00,7500,7.58
2009-07-09,8.30,8.30,8.25,8.25,000,7.81
2009-07-08,8.50,8.50,8.25,8.25,000,7.81
2009-07-07,8.50,8.50,8.45,8.45,3000,8.00
2009-07-06,8.45,8.45,8.45,8.45,1600,8.00
2009-07-03,8.55,8.75,8.55,8.75,800,8.29
2009-07-02,8.60,8.60,8.60,8.60,000,8.14
2009-07-01,8.70,8.80,8.70,8.80,5000,8.33
2009-06-30,8.80,8.80,8.80,8.80,3000,8.33
2009-06-29,8.80,8.80,8.80,8.80,100,8.33
2009-06-26,8.80,8.80,8.80,8.80,12700,8.33
2009-06-25,8.70,8.70,8.60,8.60,5000,8.14
2009-06-24,8.65,8.65,8.65,8.65,2000,8.19
2009-06-23,8.70,8.70,8.70,8.70,300,8.24
2009-06-22,8.20,8.80,8.20,8.80,4500,8.33
2009-06-18,8.15,8.15,8.00,8.00,7400,7.58
2009-06-17,8.20,8.20,8.20,8.20,10000,7.77
2009-06-16,8.40,8.40,8.30,8.30,2800,7.86
2009-06-15,8.50,8.50,8.40,8.50,3400,8.05
2009-06-12,8.80,8.80,8.55,8.65,7200,8.19
2009-06-11,8.80,8.80,8.50,8.80,17600,8.33
2009-06-10,8.40,8.75,8.15,8.75,16600,8.29
2009-06-09,8.90,9.10,8.00,8.50,36800,8.05
2009-06-08,8.80,8.95,8.80,8.95,800,8.48
2009-06-05,8.40,8.90,8.40,8.90,3600,8.43
2009-06-04,8.80,8.85,8.35,8.45,10400,8.00
2009-06-03,8.40,9.00,8.40,9.00,24100,8.52
2009-06-02,8.75,8.75,8.30,8.40,16700,7.96
2009-06-01,8.70,9.30,8.70,9.10,29800,8.62
2009-05-29,8.40,8.60,8.20,8.60,21500,8.14
2009-05-28,8.40,8.40,8.00,8.10,9700,7.67
2009-05-27,8.40,8.65,8.10,8.40,19900,7.96
2009-05-26,7.95,7.95,7.60,7.80,16500,7.39
2009-05-25,7.95,7.95,7.95,7.95,7000,7.53
2009-05-22,7.85,8.00,7.85,7.95,7300,7.53
2009-05-20,7.85,7.85,7.85,7.85,1500,7.43
2009-05-19,7.85,8.00,7.70,7.90,22400,7.48
2009-05-18,7.60,7.65,7.60,7.65,3500,7.25
2009-05-15,7.85,7.85,7.85,7.85,1000,7.43
2009-05-14,8.10,8.10,7.75,8.00,14400,7.58
2009-05-13,8.40,8.40,8.00,8.05,11200,7.62
2009-05-12,8.60,8.60,8.25,8.60,6900,8.14
2009-05-11,8.30,8.60,7.95,8.60,12900,8.14
2009-05-08,8.10,8.25,8.10,8.10,4600,7.67
2009-05-07,8.10,9.00,8.00,8.00,49600,7.58
2009-05-06,8.20,8.20,7.80,8.05,27600,7.62
2009-05-05,8.00,8.45,8.00,8.20,27400,7.77
2009-05-04,8.50,8.50,7.85,7.85,11400,7.43
2009-04-30,8.50,8.50,8.50,8.50,14000,8.05
2009-04-29,7.95,8.50,7.95,8.30,23900,7.86
2009-04-28,8.20,8.20,7.45,7.75,28200,7.34
2009-04-27,9.00,9.70,8.00,8.00,26400,7.58
2009-04-24,8.50,8.50,8.20,8.50,20800,8.05
2009-04-23,7.70,8.50,7.60,8.50,16300,8.05
2009-04-22,7.40,7.70,7.40,7.70,12000,7.29
2009-04-21,7.50,7.50,7.10,7.10,000,6.72
2009-04-20,8.20,8.20,7.00,7.20,24000,6.82
2009-04-17,7.85,8.20,7.85,8.10,18000,7.67
2009-04-16,7.50,7.50,7.50,7.50,700,7.10
2009-04-15,7.50,7.60,7.20,7.20,7500,6.82
2009-04-14,7.40,8.55,7.30,7.75,29500,7.34
2009-04-09,6.50,7.50,6.50,7.50,24500,7.10
2009-04-08,6.20,6.50,6.20,6.50,6400,6.16
2009-04-07,6.50,6.50,6.20,6.20,7000,5.87
2009-04-06,6.05,6.70,6.05,6.70,9400,6.35
2009-04-03,5.80,6.00,5.75,6.00,9700,5.68
2009-04-02,6.00,6.05,5.90,5.95,17100,5.64
2009-04-01,6.00,6.00,5.90,5.90,8600,5.59
2009-03-31,6.10,6.10,6.10,6.10,3100,5.78
2009-03-30,6.20,6.20,6.10,6.10,9900,5.78
2009-03-27,6.20,6.30,6.15,6.30,7000,5.97
2009-03-26,6.30,6.30,6.20,6.20,3700,5.87
2009-03-25,6.25,6.35,6.25,6.30,4500,5.97
2009-03-24,6.40,6.40,6.40,6.40,300,6.06
2009-03-23,6.50,6.50,6.40,6.40,1200,6.06
2009-03-20,6.45,6.45,6.45,6.45,7800,6.11
2009-03-19,6.60,7.00,6.60,6.75,5300,6.39
2009-03-18,6.45,6.50,6.45,6.50,4500,6.16
2009-03-17,6.30,6.30,6.30,6.30,2000,5.97
2009-03-16,6.45,6.45,6.45,6.45,6000,6.11
2009-03-13,6.40,6.45,6.40,6.45,10300,6.11
2009-03-12,6.35,6.35,6.35,6.35,3000,6.01
2009-03-11,6.35,6.35,6.20,6.20,000,5.87
2009-03-10,6.20,6.20,6.20,6.20,4000,5.87
2009-03-09,6.45,6.45,6.30,6.30,5500,5.97
2009-03-06,6.60,6.60,6.35,6.35,000,6.01
2009-03-05,6.25,6.45,6.25,6.45,5300,6.11
2009-03-04,6.20,6.35,6.20,6.35,8900,6.01
2009-03-03,6.45,6.45,6.40,6.40,1100,6.06
2009-03-02,6.70,6.70,6.60,6.60,000,6.25
2009-02-27,6.70,6.70,6.60,6.60,000,6.25
2009-02-26,6.65,6.75,6.65,6.75,1200,6.39
2009-02-25,6.85,6.85,6.65,6.65,6000,6.30
2009-02-24,6.90,6.90,6.70,6.85,12000,6.49
2009-02-23,7.00,7.00,6.90,6.90,6100,6.53
2009-02-20,6.95,7.00,6.85,6.90,18400,6.53
2009-02-19,7.00,7.00,6.95,6.95,6200,6.58
2009-02-18,7.15,7.15,7.00,7.00,000,6.63
2009-02-17,7.20,7.50,7.20,7.20,19100,6.82
2009-02-16,7.60,8.30,7.05,7.10,52100,6.72
2009-02-13,6.50,6.65,6.50,6.65,2100,6.30
2009-02-12,6.10,7.30,6.10,6.65,23800,6.30
2009-02-11,6.00,6.00,5.90,5.90,000,5.59
2009-02-10,5.80,5.80,5.75,5.75,2600,5.45
2009-02-09,5.80,5.80,5.70,5.70,000,5.40
2009-02-06,5.80,5.80,5.60,5.60,000,5.30
2009-02-05,5.60,5.60,5.45,5.55,22700,5.26
2009-02-04,5.75,5.75,5.75,5.75,1500,5.45
2009-02-03,5.80,5.80,5.60,5.60,000,5.30
2009-02-02,5.50,5.85,5.45,5.70,24400,5.40
2009-01-30,5.10,5.30,5.10,5.25,14200,4.97
2009-01-29,5.10,5.10,4.90,4.90,000,4.64
2009-01-28,5.00,5.00,4.91,4.91,9000,4.65
2009-01-27,4.83,4.98,4.83,4.98,6200,4.72
2009-01-26,4.83,4.83,4.71,4.71,000,4.46
2009-01-23,4.83,4.83,4.71,4.71,000,4.46
2009-01-22,4.50,4.68,4.50,4.68,4800,4.43
2009-01-21,4.76,4.76,4.66,4.66,000,4.41
2009-01-20,4.76,4.76,4.66,4.66,000,4.41
2009-01-19,4.65,4.65,4.59,4.59,4000,4.35
2009-01-16,4.59,4.59,4.59,4.59,2500,4.35
2009-01-15,4.50,4.58,4.50,4.58,2600,4.34
2009-01-14,4.70,4.70,4.60,4.60,000,4.36
2009-01-13,4.80,4.80,4.66,4.66,14900,4.41
2009-01-12,4.76,4.76,4.76,4.76,8100,4.51
2009-01-09,4.95,4.95,4.76,4.76,000,4.51
2009-01-08,4.95,4.95,4.81,4.81,5300,4.56
2009-01-07,5.10,5.10,4.90,4.90,4700,4.64
2009-01-05,5.20,5.20,5.05,5.05,000,4.78
2009-01-02,5.15,5.15,5.15,5.15,1000,4.88
2008-12-30,4.96,5.10,4.96,5.05,6800,4.78
2008-12-29,4.81,5.00,4.81,5.00,15600,4.74
2008-12-23,4.90,4.90,4.81,4.81,5500,4.56
2008-12-22,5.15,5.15,5.05,5.05,4000,4.78
2008-12-19,5.05,5.20,5.05,5.20,6400,4.92
2008-12-18,4.25,4.95,4.25,4.90,55300,4.64
2008-12-17,4.42,4.42,4.20,4.20,47400,3.98
2008-12-16,4.80,4.80,4.21,4.40,28400,4.17
2008-12-15,4.90,4.90,4.90,4.90,700,4.64
2008-12-12,5.10,5.10,4.85,4.85,000,4.59
2008-12-11,5.05,5.05,5.05,5.05,1000,4.78
2008-12-10,5.30,5.30,5.20,5.20,6700,4.92
2008-12-09,5.00,5.00,4.85,4.90,18000,4.64
2008-12-08,5.00,5.15,5.00,5.10,7500,4.83
2008-12-05,5.50,5.50,5.00,5.00,10000,4.74
2008-12-04,5.25,5.50,5.25,5.50,9000,5.21
2008-12-03,4.82,5.05,4.82,5.00,13600,4.74
2008-12-02,4.95,4.95,4.56,4.77,18800,4.52
2008-12-01,4.69,4.69,4.69,4.69,2000,4.44
2008-11-28,4.75,4.75,4.69,4.69,3000,4.44
2008-11-27,4.73,4.73,4.73,4.73,3000,4.48
2008-11-26,4.50,4.59,4.50,4.59,4000,4.35
2008-11-25,4.30,4.47,4.30,4.47,11500,4.23
2008-11-24,4.50,4.50,4.33,4.33,10000,4.10
2008-11-21,4.24,4.46,4.24,4.46,12700,4.22
2008-11-20,4.43,4.43,4.43,4.43,2000,4.20
2008-11-19,4.50,4.55,4.50,4.55,4000,4.31
2008-11-18,4.65,4.65,4.49,4.50,15000,4.26
2008-11-17,4.83,4.83,4.65,4.65,000,4.40
2008-11-14,4.83,4.83,4.70,4.70,000,4.45
2008-11-13,4.80,4.80,4.57,4.80,25600,4.55
2008-11-12,4.83,4.85,4.83,4.85,7000,4.59
2008-11-11,4.93,4.93,4.93,4.93,1000,4.67
2008-11-10,5.00,5.00,5.00,5.00,3000,4.74
2008-11-07,5.25,5.25,4.91,4.95,18400,4.69
2008-11-06,5.30,5.40,5.30,5.30,4000,5.02
2008-11-05,5.50,5.50,5.50,5.50,2000,5.21
2008-11-04,5.60,5.60,5.50,5.60,4000,5.30
2008-11-03,5.70,5.70,5.50,5.50,000,5.21
2008-10-31,5.80,5.80,5.60,5.60,7500,5.30
2008-10-30,5.55,6.00,5.55,6.00,15000,5.68
2008-10-29,5.40,6.00,5.40,5.40,44700,5.11
2008-10-28,5.15,5.30,5.15,5.30,24600,5.02
2008-10-27,4.90,5.00,4.90,5.00,13000,4.74
2008-10-24,4.80,5.10,4.70,5.10,21600,4.83
2008-10-23,5.15,5.15,4.86,5.05,20700,4.78
2008-10-22,5.10,5.30,5.00,5.20,52700,4.92
2008-10-21,5.10,5.25,5.10,5.25,6500,4.97
2008-10-20,5.10,5.10,5.10,5.10,2000,4.83
2008-10-17,5.05,5.05,5.05,5.05,3400,4.78
2008-10-16,5.00,5.00,5.00,5.00,10000,4.74
2008-10-15,5.20,5.20,5.20,5.20,500,4.92
2008-10-14,5.05,5.45,5.00,5.25,29100,4.97
2008-10-13,5.00,5.10,4.80,4.90,27100,4.64
2008-10-10,5.00,5.25,5.00,5.25,12500,4.97
2008-10-09,5.20,5.20,5.20,5.20,1000,4.92
2008-10-08,5.30,5.40,4.60,4.60,43000,4.36
2008-10-07,5.50,5.50,5.45,5.50,8500,5.21
2008-10-06,5.60,5.85,5.60,5.60,26000,5.30
2008-10-03,5.65,5.65,5.55,5.55,1500,5.26
2008-10-02,5.75,5.75,5.75,5.75,3000,5.45
2008-10-01,5.85,5.85,5.75,5.75,1500,5.45
2008-09-30,5.85,6.00,5.75,5.75,20500,5.45
2008-09-29,6.15,6.15,5.95,5.95,11000,5.64
2008-09-26,6.10,6.10,6.05,6.05,3000,5.73
2008-09-25,6.10,6.10,6.10,6.10,2000,5.78
2008-09-24,6.15,6.15,6.05,6.05,3000,5.73
2008-09-23,6.20,6.20,6.15,6.15,6000,5.82
2008-09-22,6.00,6.20,6.00,6.20,9000,5.87
2008-09-19,5.55,5.95,5.55,5.90,20500,5.59
2008-09-18,5.30,5.30,5.30,5.30,2000,5.02
2008-09-17,5.30,5.30,5.20,5.30,4000,5.02
2008-09-16,5.85,5.85,5.05,5.25,30000,4.97
2008-09-15,6.20,6.20,5.80,5.85,6000,5.54
2008-09-12,6.50,6.50,6.40,6.40,7000,6.06
2008-09-11,6.60,6.60,6.40,6.40,000,6.06
2008-09-10,6.50,6.70,6.50,6.60,12000,6.25
2008-09-09,6.70,6.70,6.55,6.60,12500,6.25
2008-09-08,7.05,7.15,6.80,6.80,3000,6.44
2008-09-05,6.75,6.85,6.75,6.85,7000,6.49
2008-09-04,7.25,7.25,6.95,6.95,14000,6.58
2008-09-03,7.80,7.85,7.20,7.25,20000,6.87
2008-09-02,7.60,7.75,7.40,7.45,23000,7.06
2008-09-01,7.30,7.50,7.30,7.50,12000,7.10
2008-08-29,7.25,7.25,7.25,7.25,2500,6.87
2008-08-28,7.10,7.25,7.10,7.25,10500,6.87
2008-08-27,7.25,7.25,7.10,7.10,2500,6.72
2008-08-26,7.30,7.30,7.15,7.25,5000,6.87
2008-08-25,7.20,7.45,7.20,7.30,10000,6.91
2008-08-22,6.70,6.95,6.70,6.80,12000,6.44
2008-08-21,6.90,6.90,6.65,6.65,5500,6.30
2008-08-20,6.95,6.95,6.95,6.95,1000,6.58
2008-08-19,6.90,7.20,6.90,6.95,20500,6.58
2008-08-18,6.70,6.75,6.70,6.75,2500,6.39
2008-08-15,6.60,6.60,6.55,6.55,10500,6.20
2008-08-14,6.75,6.75,6.65,6.65,9500,6.30
2008-08-13,6.55,6.55,6.55,6.55,1500,6.20
2008-08-12,6.45,6.55,6.45,6.55,8500,6.20
2008-08-11,6.45,6.45,6.20,6.20,000,5.87
2008-08-08,6.05,6.30,6.05,6.25,7500,5.92
2008-08-07,5.75,5.95,5.75,5.95,10500,5.64
2008-08-06,5.70,5.70,5.70,5.70,2000,5.40
2008-08-05,5.55,5.70,5.50,5.50,5000,5.21
2008-08-04,5.50,5.50,5.50,5.50,5000,5.21
2008-08-01,5.60,5.60,5.55,5.60,9000,5.30
2008-07-31,5.45,5.60,5.45,5.60,4000,5.30
2008-07-30,5.50,5.50,5.30,5.30,12500,5.02
2008-07-29,5.60,5.60,5.45,5.45,000,5.16
2008-07-28,5.50,5.50,5.30,5.30,000,5.02
2008-07-25,5.20,5.45,5.20,5.45,4000,5.16
2008-07-24,5.45,5.45,5.10,5.20,9500,4.92
2008-07-23,5.30,5.35,5.30,5.35,5000,5.07
2008-07-22,5.30,5.30,5.30,5.30,2000,5.02
2008-07-21,5.10,5.20,5.10,5.20,3000,4.92
2008-07-18,5.20,5.20,5.05,5.05,000,4.78
2008-07-17,5.20,5.25,5.00,5.00,22000,4.74
2008-07-16,4.83,5.10,4.83,5.10,6500,4.83
2008-07-15,4.70,4.83,4.70,4.83,2000,4.57
2008-07-14,4.61,4.61,4.61,4.61,1000,4.37
2008-07-11,4.73,4.73,4.70,4.70,1000,4.45
2008-07-10,4.95,4.95,4.73,4.73,4000,4.48
2008-07-09,4.90,5.00,4.83,5.00,5500,4.74
2008-07-08,5.00,5.00,4.78,4.80,9500,4.55
2008-07-07,5.00,5.00,4.82,4.82,000,4.56
2008-07-04,5.00,5.00,4.82,4.82,000,4.56
2008-07-03,5.15,5.15,5.15,5.15,2000,4.88
2008-07-02,5.15,5.15,5.00,5.00,1000,4.74
2008-07-01,5.20,5.20,5.00,5.00,6000,4.74
2008-06-30,5.10,5.10,4.90,4.90,6000,4.64
2008-06-27,4.73,4.87,4.51,4.87,12000,4.61
2008-06-26,4.78,4.81,4.70,4.70,6000,4.45
2008-06-25,4.90,4.90,4.90,4.90,2000,4.64
2008-06-24,5.05,5.05,4.95,4.95,3000,4.69
2008-06-23,5.10,5.10,5.10,5.10,2000,4.83
2008-06-19,5.25,5.25,5.10,5.15,14000,4.88
2008-06-18,5.25,5.25,5.10,5.10,4000,4.83
2008-06-17,5.10,5.30,5.05,5.30,6500,5.02
2008-06-16,5.70,5.70,4.95,5.10,28000,4.83
2008-06-13,5.65,5.65,5.65,5.65,2500,5.35
2008-06-12,5.65,5.70,5.65,5.70,4000,5.40
2008-06-11,5.55,5.55,5.55,5.55,2000,5.26
2008-06-10,5.10,5.70,5.10,5.70,26000,5.40
2008-06-09,5.30,5.30,5.00,5.00,11500,4.74
2008-06-05,5.30,5.40,5.30,5.40,5500,5.11
2008-06-04,5.40,5.40,5.20,5.20,22500,4.92
2008-06-03,5.40,5.40,5.20,5.20,000,4.92
2008-06-02,5.40,5.40,5.20,5.20,000,4.92
2008-05-30,5.35,5.35,5.20,5.20,000,4.92
2008-05-29,5.10,5.25,5.10,5.20,13000,4.92
2008-05-28,5.30,5.35,5.20,5.20,20000,4.92
2008-05-27,5.50,5.50,5.30,5.30,16000,5.02
2008-05-26,5.20,5.40,5.20,5.40,5300,5.11
2008-05-23,5.15,5.15,5.15,5.15,2000,4.88
2008-05-22,5.00,5.00,4.99,4.99,2500,4.73
2008-05-21,5.15,5.15,5.00,5.00,000,4.74
2008-05-20,5.20,5.20,5.05,5.05,2000,4.78
2008-05-19,5.00,5.30,5.00,5.25,17000,4.97
2008-05-16,5.00,5.00,4.70,4.90,15500,4.64
2008-05-15,5.05,5.05,4.90,4.90,000,4.64
2008-05-14,5.00,5.00,4.90,4.90,000,4.64
2008-05-13,5.00,5.00,5.00,5.00,13000,4.74
2008-05-12,5.05,5.10,5.00,5.00,7000,4.74
2008-05-09,5.05,5.20,5.05,5.20,3500,4.92
2008-05-08,5.20,5.20,5.20,5.20,1500,4.92
2008-05-07,5.25,5.25,5.25,5.25,2000,4.97
2008-05-06,5.30,5.30,5.30,5.30,12000,5.02
2008-05-05,5.30,5.30,5.20,5.20,000,4.92
2008-05-02,5.30,5.30,5.30,5.30,2000,5.02
2008-04-30,5.20,5.20,5.20,5.20,2000,4.92
2008-04-29,5.10,5.10,5.05,5.05,5000,4.78
2008-04-28,5.55,5.55,5.10,5.10,20000,4.83
2008-04-25,5.50,5.50,5.50,5.50,2000,5.21
2008-04-24,5.40,5.75,5.40,5.50,21600,5.21
2008-04-23,4.88,5.10,4.88,5.10,12500,4.83
2008-04-22,4.86,4.86,4.79,4.79,2000,4.54
2008-04-21,5.15,5.15,5.05,5.05,3500,4.78
2008-04-18,5.15,5.15,4.95,4.95,000,4.69
2008-04-17,5.15,5.15,4.95,4.95,000,4.69
2008-04-16,5.10,5.10,5.10,5.10,500,4.83
2008-04-15,5.10,5.10,4.90,4.90,000,4.64
2008-04-14,5.10,5.10,4.90,4.90,000,4.64
2008-04-11,5.20,5.20,5.05,5.05,2000,4.78
2008-04-10,5.25,5.25,5.05,5.05,000,4.78
2008-04-09,5.20,5.20,5.20,5.20,2000,4.92
2008-04-08,5.50,5.70,5.25,5.30,12000,5.02
2008-04-07,5.20,5.60,5.20,5.55,28700,5.26
2008-04-04,4.95,4.95,4.95,4.95,2500,4.69
2008-04-03,5.20,5.20,5.05,5.05,7500,4.78
2008-04-02,5.00,5.20,5.00,5.20,9000,4.92
2008-04-01,4.97,4.97,4.90,4.90,15000,4.64
2008-03-31,4.82,4.97,4.82,4.97,4000,4.71
2008-03-28,4.76,4.76,4.76,4.76,1000,4.51
2008-03-27,4.96,5.00,4.76,4.76,10000,4.51
2008-03-26,4.79,4.80,4.79,4.80,5500,4.55
2008-03-25,5.20,5.20,4.81,4.86,17000,4.60
2008-03-20,5.15,5.15,4.95,4.95,000,4.69
2008-03-19,5.05,5.05,4.90,4.90,5500,4.64
2008-03-18,5.00,5.00,5.00,5.00,2000,4.74
2008-03-17,4.70,4.95,4.58,4.95,16500,4.69
2008-03-14,4.84,4.85,4.84,4.85,5000,4.59
2008-03-13,4.95,4.95,4.82,4.82,000,4.56
2008-03-12,5.00,5.00,4.80,4.80,5500,4.55
2008-03-11,5.00,5.00,4.90,4.90,45000,4.64
2008-03-10,4.91,4.91,4.91,4.91,2000,4.65
2008-03-07,5.15,5.20,5.00,5.00,34500,4.74
2008-03-06,5.15,5.20,5.15,5.20,7500,4.92
2008-03-05,4.90,5.10,4.90,5.10,20500,4.83
2008-03-04,5.20,5.25,4.75,4.80,37000,4.55
2008-03-03,5.45,5.50,5.35,5.35,21500,5.07
2008-02-29,5.85,5.85,5.50,5.60,28000,5.30
2008-02-28,5.85,5.90,5.70,5.70,23000,5.40
2008-02-27,6.25,6.25,5.85,5.85,41000,5.54
2008-02-26,5.55,5.85,5.55,5.70,49500,5.40
2008-02-25,5.50,6.00,5.50,5.70,24500,5.40
2008-02-22,5.45,5.45,5.25,5.25,5500,4.97
2008-02-21,5.80,5.80,5.30,5.50,40000,5.21
2008-02-20,5.60,6.35,5.60,5.65,55000,5.35
2008-02-19,5.30,5.50,5.30,5.50,15000,5.21
2008-02-18,4.70,5.50,4.70,5.15,70500,4.88
2008-02-15,4.51,5.00,4.50,4.50,131000,4.26
2008-02-14,4.40,4.40,4.30,4.34,166000,4.11
2008-02-13,4.38,4.38,4.38,4.38,18000,4.15
2008-02-12,4.38,4.41,4.38,4.38,18000,4.15
2008-02-11,4.40,4.40,4.38,4.38,18500,4.15
2008-02-08,4.40,4.40,4.38,4.38,4000,4.15
2008-02-07,4.42,4.42,4.28,4.36,24000,4.13
2008-02-06,4.44,4.44,4.40,4.40,6500,4.17
2008-02-05,4.50,4.55,4.48,4.48,6500,4.24
2008-02-04,4.50,4.58,4.48,4.48,17000,4.24
2008-02-01,4.55,4.55,4.48,4.48,10000,4.24
2008-01-31,4.55,4.55,4.50,4.50,000,4.26
2008-01-30,4.55,4.55,4.54,4.54,4000,4.30
2008-01-29,4.52,4.52,4.51,4.51,14000,4.27
2008-01-28,4.54,4.55,4.50,4.50,14000,4.26
2008-01-25,4.50,4.50,4.50,4.50,28600,4.26
2008-01-24,4.70,4.70,4.50,4.50,26500,4.26
2008-01-23,4.52,5.05,4.32,4.32,33500,4.09
2008-01-22,4.53,4.90,4.37,4.37,19500,4.14
2008-01-21,4.50,4.50,4.50,4.50,48000,4.26
2008-01-18,5.30,5.50,4.96,4.96,25500,4.70
2008-01-17,5.75,6.15,5.30,5.40,41500,5.11
2008-01-16,5.60,5.65,5.40,5.65,79000,5.35
2008-01-15,6.20,6.20,5.95,5.95,6000,5.64
2008-01-14,6.45,6.55,6.30,6.35,50500,6.01
2008-01-11,6.70,6.75,6.65,6.65,7000,6.30
2008-01-10,7.15,7.15,6.65,6.65,7000,6.30
2008-01-09,7.35,7.40,7.25,7.25,5000,6.87
2008-01-08,7.30,7.45,7.25,7.45,4500,7.06
2008-01-07,7.10,7.10,7.10,7.10,1500,6.72
2008-01-04,7.20,7.30,7.20,7.20,1500,6.82
2008-01-03,7.20,7.20,7.10,7.10,000,6.72
2008-01-02,6.85,7.10,6.85,7.10,4000,6.72
2007-12-28,6.70,6.75,6.50,6.75,21500,6.39
2007-12-27,6.95,6.95,6.55,6.70,33500,6.35
2007-12-21,6.85,7.10,6.80,7.00,28500,6.63
2007-12-20,6.60,6.80,6.55,6.80,4200,6.44
2007-12-19,6.95,6.95,6.60,6.60,7000,6.25
2007-12-18,6.80,6.80,6.75,6.80,5000,6.44
2007-12-17,6.95,6.95,6.95,6.95,1000,6.58
2007-12-14,6.95,7.30,6.95,7.10,5000,6.72
2007-12-13,7.35,7.35,6.80,7.00,8000,6.63
2007-12-12,7.00,7.50,6.80,7.50,14500,7.10
2007-12-11,7.20,7.20,7.00,7.00,8500,6.63
2007-12-10,7.25,7.50,7.10,7.15,15500,6.77
2007-12-07,7.25,7.25,7.10,7.10,10000,6.72
2007-12-06,7.30,7.50,7.25,7.25,8500,6.87
2007-12-05,7.45,7.50,7.35,7.40,8500,7.01
2007-12-04,7.65,7.65,7.40,7.40,3500,7.01
2007-12-03,7.80,7.80,7.65,7.65,11000,7.25
2007-11-30,8.10,8.10,7.70,7.70,6500,7.29
2007-11-29,7.90,8.05,7.90,8.00,9500,7.58
2007-11-28,7.55,7.65,7.55,7.65,4000,7.25
2007-11-27,7.70,7.80,7.70,7.80,8500,7.39
2007-11-26,7.60,7.60,7.35,7.35,3000,6.96
2007-11-23,7.50,7.65,7.50,7.65,2000,7.25
2007-11-22,7.20,7.35,7.20,7.35,3500,6.96
2007-11-21,7.25,7.25,7.25,7.25,5000,6.87
2007-11-20,7.20,7.70,7.00,7.35,28500,6.96
2007-11-19,7.45,7.45,7.20,7.20,000,6.82
2007-11-16,7.35,7.35,7.20,7.20,000,6.82
2007-11-15,7.85,7.85,7.40,7.40,9500,7.01
2007-11-14,7.70,8.00,7.70,7.75,43000,7.34
2007-11-13,7.85,7.90,7.40,7.55,16500,7.15
2007-11-12,8.00,8.10,7.85,7.90,11000,7.48
2007-11-09,8.20,8.20,7.50,7.85,17000,7.43
2007-11-08,8.40,8.40,8.40,8.40,500,7.96
2007-11-07,8.60,8.60,8.40,8.40,3600,7.96
2007-11-06,8.90,8.90,8.60,8.60,000,8.14
2007-11-05,8.40,9.00,8.40,9.00,6000,8.52
2007-11-02,8.35,8.35,8.35,8.35,2000,7.91
2007-11-01,8.65,8.65,8.35,8.35,000,7.91
2007-10-31,8.90,9.00,8.40,8.40,12500,7.96
2007-10-30,8.55,10.00,8.55,8.85,42900,8.38
2007-10-29,8.40,8.40,8.15,8.40,6000,7.96
2007-10-26,8.60,8.60,8.40,8.40,3500,7.96
2007-10-25,8.20,8.70,8.20,8.55,9000,8.10
2007-10-24,8.15,8.15,7.70,8.00,21500,7.58
2007-10-23,8.55,8.55,8.40,8.40,4000,7.96
2007-10-22,8.50,8.50,7.95,8.50,16000,8.05
2007-10-19,8.60,9.15,8.60,8.85,10500,8.38
2007-10-18,8.10,8.55,8.05,8.55,11000,8.10
2007-10-17,8.20,8.20,8.15,8.15,1500,7.72
2007-10-16,8.10,8.30,8.10,8.30,4000,7.86
2007-10-15,8.80,8.80,8.80,8.80,5000,8.33
2007-10-12,8.75,8.75,8.75,8.75,1500,8.29
2007-10-11,9.05,9.05,8.75,8.75,4000,8.29
2007-10-10,9.55,9.80,9.15,9.15,17500,8.67
2007-10-09,9.85,10.80,9.55,9.55,21500,9.04
2007-10-08,8.20,9.70,8.20,9.70,48200,9.19
2007-10-05,8.20,8.20,8.00,8.00,000,7.58
2007-10-04,8.00,8.00,8.00,8.00,4000,7.58
2007-10-03,8.40,8.40,8.00,8.00,36000,7.58
2007-10-02,8.35,8.50,8.35,8.50,3500,8.05
2007-10-01,8.30,8.30,8.10,8.10,3000,7.67
2007-09-28,8.40,8.40,8.40,8.40,2000,7.96
2007-09-27,8.10,8.20,8.00,8.20,11000,7.77
2007-09-26,8.50,8.50,8.15,8.30,9500,7.86
2007-09-25,8.70,8.70,8.70,8.70,2000,8.24
2007-09-24,8.70,8.90,8.70,8.90,3000,8.43
2007-09-21,8.60,8.60,8.35,8.45,11000,8.00
2007-09-20,8.60,8.60,8.30,8.30,000,7.86
2007-09-19,8.55,8.55,8.30,8.55,15500,8.10
2007-09-18,8.70,8.70,8.50,8.70,6000,8.24
2007-09-17,8.90,8.90,8.90,8.90,2000,8.43
2007-09-14,8.90,9.00,8.70,9.00,20000,8.52
2007-09-13,8.90,8.90,8.65,8.65,000,8.19
2007-09-12,8.80,8.80,8.80,8.80,500,8.33
2007-09-11,9.00,9.05,8.95,8.95,17500,8.48
2007-09-10,8.85,8.85,8.65,8.65,000,8.19
2007-09-07,8.70,8.80,8.55,8.80,5500,8.33
2007-09-06,8.80,9.00,8.80,9.00,2500,8.52
2007-09-05,8.60,8.65,8.60,8.65,4000,8.19
2007-09-04,8.85,8.85,8.85,8.85,3000,8.38
2007-09-03,8.50,9.00,8.50,8.95,12500,8.48
2007-08-31,8.60,8.60,8.35,8.35,41500,7.91
2007-08-30,8.90,8.90,8.75,8.75,000,8.29
2007-08-29,8.80,8.90,8.80,8.90,2500,8.43
2007-08-28,8.80,8.80,8.60,8.60,000,8.14
2007-08-27,8.75,8.80,8.60,8.80,3700,8.33
2007-08-24,8.95,8.95,8.75,8.75,6500,8.29
2007-08-23,9.15,9.20,9.00,9.15,12000,8.67
2007-08-22,9.15,9.15,9.15,9.15,7000,8.67
2007-08-21,9.15,9.15,9.15,9.15,2000,8.67
2007-08-20,9.20,9.20,9.05,9.05,6000,8.57
2007-08-17,9.50,9.50,8.65,8.90,16900,8.43
2007-08-16,8.80,8.95,8.10,8.70,19500,8.24
2007-08-15,8.90,8.90,8.90,8.90,2000,8.43
2007-08-13,8.80,8.80,8.80,8.80,2000,8.33
2007-08-10,8.50,8.50,7.80,8.30,15500,7.86
2007-08-09,8.85,8.85,8.45,8.50,16000,8.05
2007-08-08,9.30,9.30,9.00,9.05,10700,8.57
2007-08-07,9.50,9.75,9.50,9.50,4500,9.00
2007-08-06,8.95,8.95,8.60,8.60,000,8.14
2007-08-03,9.10,9.10,9.00,9.00,13000,8.52
2007-08-02,9.35,9.35,9.15,9.15,000,8.67
2007-08-01,8.55,8.90,8.55,8.90,4500,8.43
2007-07-31,9.80,9.80,9.50,9.50,2500,9.00
2007-07-30,9.90,9.90,9.90,9.90,1000,9.38
2007-07-27,9.75,9.75,9.75,9.75,500,9.23
2007-07-26,10.00,10.00,9.95,9.95,3000,9.42
2007-07-25,10.05,10.05,10.05,10.05,500,9.52
2007-07-24,10.00,10.00,9.75,9.75,000,9.23
2007-07-23,10.15,10.15,9.85,9.85,000,9.33
2007-07-20,10.25,10.25,10.00,10.05,4200,9.52
2007-07-19,10.20,10.20,10.20,10.20,2000,9.66
2007-07-18,9.60,10.30,9.50,10.30,14000,9.76
2007-07-17,10.20,10.20,9.20,9.25,9500,8.76
2007-07-16,9.70,10.25,9.70,10.25,8000,9.71
2007-07-13,9.80,9.95,9.50,9.50,11700,9.00
2007-07-12,9.20,9.65,9.20,9.65,6500,9.14
2007-07-11,9.45,9.45,9.15,9.20,7000,8.71
2007-07-10,9.90,9.90,9.65,9.65,6000,9.14
2007-07-09,10.40,10.40,10.00,10.05,13500,9.52
2007-07-06,10.30,10.40,9.50,10.30,37000,9.76
2007-07-05,10.30,10.30,9.95,10.10,34000,9.57
2007-07-04,10.40,10.55,10.25,10.25,6000,9.71
2007-07-03,10.30,10.65,10.30,10.40,6000,9.85
2007-07-02,9.90,10.25,9.90,10.25,4500,9.71
2007-06-29,9.80,9.90,9.75,9.75,27000,9.23
2007-06-28,9.60,10.00,9.60,9.75,21500,9.23
2007-06-27,9.25,9.75,9.25,9.70,6000,9.19
2007-06-26,9.80,9.80,9.50,9.70,10200,9.19
2007-06-25,10.25,10.50,9.90,9.90,28500,9.38
2007-06-21,10.60,10.60,9.90,10.35,49000,9.80
2007-06-20,10.55,10.55,10.20,10.40,42500,9.85
2007-06-19,10.65,10.75,10.60,10.60,5500,10.04
2007-06-18,10.30,10.75,10.30,10.70,21500,10.13
2007-06-15,10.35,10.60,10.10,10.10,37600,9.57
2007-06-14,10.95,11.05,10.65,10.65,20000,10.09
2007-06-13,11.00,11.00,10.70,10.80,11000,10.23
2007-06-12,10.70,11.00,10.50,10.50,6700,9.94
2007-06-11,12.25,12.25,10.60,10.60,39000,10.04
2007-06-08,10.75,11.60,10.75,11.40,87000,10.80
2007-06-07,10.90,11.10,10.60,10.60,29000,10.04
2007-06-05,11.45,11.45,10.40,10.90,50700,10.32
2007-06-04,12.45,12.50,11.70,11.70,9900,11.08
2007-06-01,12.00,12.50,11.95,12.15,41400,11.51
2007-05-31,13.20,13.30,12.10,12.10,33500,11.46
2007-05-30,13.20,13.35,12.00,13.35,40900,12.64
2007-05-29,15.80,15.80,10.50,12.70,105900,12.03
2007-05-28,9.70,16.50,9.70,15.60,108900,14.77
